known_accuracy,unknown_auroc,unknown_auprc,fpr_at_95_tpr,known_coverage_at_val95,unknown_recall_at_val95,accepted_known_accuracy_at_val95,rejection_rate_at_val95,threshold_at_val95,known_coverage_at_val90,unknown_recall_at_val90,accepted_known_accuracy_at_val90,rejection_rate_at_val90,threshold_at_val90,known_coverage_at_val80,unknown_recall_at_val80,accepted_known_accuracy_at_val80,rejection_rate_at_val80,threshold_at_val80,dataset,embedding,split,holdout_cell_type,score_method,score_family,n_train,n_val,n_test,n_known_test,n_unknown_test,fit_score_seconds,split_seed,model_seed,runtime_seconds_total,peak_memory_mb,started_at_utc,finished_at_utc,python_version,platform,pid
0.6738410596026491,0.8707170239027748,0.8329980574015095,0.6531456953642384,0.9437086092715232,0.6630824372759857,0.6771929824561403,0.2480181200453001,0.3908664584159851,0.8973509933774835,0.6971326164874552,0.683579335793358,0.2904869762174405,0.3614315390586853,0.8021523178807947,0.7652329749103942,0.695562435500516,0.37712344280860705,0.3247682452201843,zheng68k,zheng68k_scfoundation_all_t4_ce.npy,open_set_holdout_CD19plus_B_seed0.npz,CD19+ B,knn_cosine_mean_distance_k10,knn,4225,604,1766,1208,558,0.4796168289999514,0,42,92.06461604200013,581.50390625,2026-04-25T07:20:59+00:00,2026-04-25T07:22:31+00:00,3.12.12,Linux-6.6.113+-x86_64-with-glibc2.35,8093
0.6912251655629139,0.8543194711481402,0.8191208018986361,0.6738410596026491,0.9511589403973509,0.6254480286738351,0.6936466492602262,0.23103057757644394,0.39805760979652405,0.8940397350993378,0.6684587813620072,0.7037037037037037,0.2836919592298981,0.36582931876182556,0.7897350993377483,0.7293906810035843,0.7190775681341719,0.3742921857304643,0.3281466066837311,zheng68k,zheng68k_scfoundation_all_t4_ce.npy,open_set_holdout_CD19plus_B_seed1.npz,CD19+ B,knn_cosine_mean_distance_k10,knn,4225,604,1766,1208,558,0.4942597070000829,1,42,92.06465836400002,581.50390625,2026-04-25T07:20:59+00:00,2026-04-25T07:22:31+00:00,3.12.12,Linux-6.6.113+-x86_64-with-glibc2.35,8093
0.6995033112582781,0.8594465807401077,0.8265822606697522,0.6539735099337748,0.9627483443708609,0.6308243727598566,0.704213241616509,0.22480181200453,0.3961808681488037,0.9122516556291391,0.6702508960573477,0.7105263157894737,0.2718006795016987,0.36759546399116516,0.8062913907284768,0.7275985663082437,0.715605749486653,0.362400906002265,0.32905298471450806,zheng68k,zheng68k_scfoundation_all_t4_ce.npy,open_set_holdout_CD19plus_B_seed2.npz,CD19+ B,knn_cosine_mean_distance_k10,knn,4225,604,1766,1208,558,0.625846342999921,2,42,92.06469024000012,581.50390625,2026-04-25T07:20:59+00:00,2026-04-25T07:22:31+00:00,3.12.12,Linux-6.6.113+-x86_64-with-glibc2.35,8093
0.6821192052980133,0.8586944266419806,0.8237473064683724,0.6572847682119205,0.9412251655629139,0.6379928315412187,0.6886543535620053,0.24178935447338618,0.39191561937332153,0.8965231788079471,0.6738351254480287,0.6934441366574331,0.2836919592298981,0.366730272769928,0.804635761589404,0.7150537634408602,0.7129629629629629,0.3595696489241223,0.33422496914863586,zheng68k,zheng68k_scfoundation_all_t4_ce.npy,open_set_holdout_CD19plus_B_seed3.npz,CD19+ B,knn_cosine_mean_distance_k10,knn,4225,604,1766,1208,558,0.4862504070001705,3,42,92.06471883500012,581.50390625,2026-04-25T07:20:59+00:00,2026-04-25T07:22:31+00:00,3.12.12,Linux-6.6.113+-x86_64-with-glibc2.35,8093
0.695364238410596,0.8614300719219541,0.8309248712423689,0.6937086092715232,0.9528145695364238,0.6469534050179212,0.6993918331885317,0.23669309173272934,0.3946363031864166,0.8799668874172185,0.6863799283154122,0.7083725305738476,0.29898074745186864,0.36296096444129944,0.7839403973509934,0.7455197132616488,0.7275607180570222,0.383352208380521,0.32858604192733765,zheng68k,zheng68k_scfoundation_all_t4_ce.npy,open_set_holdout_CD19plus_B_seed4.npz,CD19+ B,knn_cosine_mean_distance_k10,knn,4225,604,1766,1208,558,0.48787231500000416,4,42,92.06474804599998,581.50390625,2026-04-25T07:20:59+00:00,2026-04-25T07:22:31+00:00,3.12.12,Linux-6.6.113+-x86_64-with-glibc2.35,8093
0.5968543046357616,0.8468884260248286,0.7590985269556119,0.7284768211920529,0.9354304635761589,0.6756272401433692,0.6,0.2576443941109853,1.6225872039794922,0.902317880794702,0.7275985663082437,0.6027522935779817,0.29671574178935445,1.3609861135482788,0.7872516556291391,0.7562724014336918,0.6046267087276551,0.384484711211778,1.0765526294708252,zheng68k,zheng68k_scfoundation_all_t4_ce.npy,open_set_holdout_CD19plus_B_seed0.npz,CD19+ B,mahalanobis_diag_min,mahalanobis,4225,604,1766,1208,558,0.4199479869998868,0,42,92.06461290700008,581.50390625,2026-04-25T07:20:59+00:00,2026-04-25T07:22:31+00:00,3.12.12,Linux-6.6.113+-x86_64-with-glibc2.35,8093
0.6423841059602649,0.849017303994873,0.791284421479003,0.7417218543046358,0.9602649006622517,0.6146953405017921,0.646551724137931,0.22140430351075877,1.7129626274108887,0.9130794701986755,0.7043010752688172,0.6446056210335449,0.28199320498301245,1.4101167917251587,0.8385761589403974,0.7383512544802867,0.650542941757157,0.3437146092865232,1.153509259223938,zheng68k,zheng68k_scfoundation_all_t4_ce.npy,open_set_holdout_CD19plus_B_seed1.npz,CD19+ B,mahalanobis_diag_min,mahalanobis,4225,604,1766,1208,558,0.4219762319999063,1,42,92.06465491400013,581.50390625,2026-04-25T07:20:59+00:00,2026-04-25T07:22:31+00:00,3.12.12,Linux-6.6.113+-x86_64-with-glibc2.35,8093
0.6258278145695364,0.8455695601604596,0.739921488754522,0.7483443708609272,0.9495033112582781,0.6039426523297491,0.6277244986922407,0.22536806342015855,1.6982277631759644,0.9155629139072847,0.7240143369175627,0.6292947558770343,0.2865232163080408,1.4379937648773193,0.8195364238410596,0.7598566308243727,0.6262626262626263,0.3635334088335221,1.1210131645202637,zheng68k,zheng68k_scfoundation_all_t4_ce.npy,open_set_holdout_CD19plus_B_seed2.npz,CD19+ B,mahalanobis_diag_min,mahalanobis,4225,604,1766,1208,558,0.42230930600021566,2,42,92.06468672400001,581.50390625,2026-04-25T07:20:59+00:00,2026-04-25T07:22:31+00:00,3.12.12,Linux-6.6.113+-x86_64-with-glibc2.35,8093
0.6374172185430463,0.8468632058676921,0.7629671614366541,0.7367549668874173,0.9486754966887417,0.6505376344086021,0.6378708551483421,0.2406568516421291,1.6187739372253418,0.9072847682119205,0.7060931899641577,0.6368613138686131,0.2865232163080408,1.3701491355895996,0.8228476821192053,0.7419354838709677,0.6368209255533199,0.3556058890147225,1.116127848625183,zheng68k,zheng68k_scfoundation_all_t4_ce.npy,open_set_holdout_CD19plus_B_seed3.npz,CD19+ B,mahalanobis_diag_min,mahalanobis,4225,604,1766,1208,558,0.41209838700001455,3,42,92.06471581599999,581.50390625,2026-04-25T07:20:59+00:00,2026-04-25T07:22:31+00:00,3.12.12,Linux-6.6.113+-x86_64-with-glibc2.35,8093
0.6142384105960265,0.8436646965273327,0.7767519968967362,0.7442052980132451,0.9701986754966887,0.5716845878136201,0.613481228668942,0.20101925254813138,1.7363430261611938,0.9197019867549668,0.6989247311827957,0.6147614761476148,0.2757644394110985,1.373587727546692,0.8079470198675497,0.7383512544802867,0.6290983606557377,0.3646659116647792,1.0838065147399902,zheng68k,zheng68k_scfoundation_all_t4_ce.npy,open_set_holdout_CD19plus_B_seed4.npz,CD19+ B,mahalanobis_diag_min,mahalanobis,4225,604,1766,1208,558,0.4161241010001504,4,42,92.06474475100003,581.50390625,2026-04-25T07:20:59+00:00,2026-04-25T07:22:31+00:00,3.12.12,Linux-6.6.113+-x86_64-with-glibc2.35,8093
0.7119205298013245,0.731116036459446,0.6156134833816314,0.7375827814569537,0.9495033112582781,0.30824372759856633,0.7253705318221447,0.1319365798414496,0.5421148543526605,0.9014900662251656,0.36200716845878134,0.743801652892562,0.18176670441676104,0.5023459694172799,0.8079470198675497,0.482078853046595,0.7745901639344263,0.2836919592298981,0.4302089771809341,zheng68k,zheng68k_scfoundation_all_t4_ce.npy,open_set_holdout_CD19plus_B_seed0.npz,CD19+ B,mlp_entropy,mlp,4225,604,1766,1208,558,4.420567109999865,0,42,92.06458739300001,581.50390625,2026-04-25T07:20:59+00:00,2026-04-25T07:22:31+00:00,3.12.12,Linux-6.6.113+-x86_64-with-glibc2.35,8093
0.7135761589403974,0.856635274988725,0.7873748341867595,0.5786423841059603,0.9470198675496688,0.5286738351254481,0.7316433566433567,0.20328425821064552,0.536208584979124,0.8990066225165563,0.6111111111111112,0.7467771639042358,0.2621744054360136,0.4713032159285982,0.8079470198675497,0.7204301075268817,0.7797131147540983,0.35900339750849375,0.37864824415296,zheng68k,zheng68k_scfoundation_all_t4_ce.npy,open_set_holdout_CD19plus_B_seed1.npz,CD19+ B,mlp_entropy,mlp,4225,604,1766,1208,558,4.169288899999856,1,42,92.06463364800015,581.50390625,2026-04-25T07:20:59+00:00,2026-04-25T07:22:31+00:00,3.12.12,Linux-6.6.113+-x86_64-with-glibc2.35,8093
0.7052980132450332,0.7821022929573452,0.6059312333424045,0.6316225165562914,0.9478476821192053,0.24551971326164876,0.7275109170305677,0.11325028312570781,0.595738906143625,0.9048013245033113,0.35842293906810035,0.7410795974382434,0.1783691959229898,0.5547273704761523,0.7756622516556292,0.5824372759856631,0.7854855923159018,0.33748584371460927,0.47857530923729225,zheng68k,zheng68k_scfoundation_all_t4_ce.npy,open_set_holdout_CD19plus_B_seed2.npz,CD19+ B,mlp_entropy,mlp,4225,604,1766,1208,558,4.006118443000105,2,42,92.06466540800011,581.50390625,2026-04-25T07:20:59+00:00,2026-04-25T07:22:31+00:00,3.12.12,Linux-6.6.113+-x86_64-with-glibc2.35,8093
0.7144039735099338,0.7092056540625223,0.5182504516915862,0.6812913907284768,0.9544701986754967,0.15053763440860216,0.7311361665221162,0.07870894677236694,0.5503357512354456,0.9155629139072847,0.2168458781362007,0.744122965641953,0.12627406568516422,0.5083311418108581,0.8162251655629139,0.40860215053763443,0.7758620689655172,0.2548131370328426,0.4063921001931047,zheng68k,zheng68k_scfoundation_all_t4_ce.npy,open_set_holdout_CD19plus_B_seed3.npz,CD19+ B,mlp_entropy,mlp,4225,604,1766,1208,558,4.351491334000002,3,42,92.06469647300014,581.50390625,2026-04-25T07:20:59+00:00,2026-04-25T07:22:31+00:00,3.12.12,Linux-6.6.113+-x86_64-with-glibc2.35,8093
0.706953642384106,0.7093732939305466,0.5402716194784728,0.6589403973509934,0.9495033112582781,0.24551971326164876,0.7227550130775937,0.11211778029445074,0.35907595151717286,0.8816225165562914,0.3225806451612903,0.748356807511737,0.18289920724801811,0.29993183864564504,0.7582781456953642,0.44086021505376344,0.7794759825327511,0.304643261608154,0.22863425329266557,zheng68k,zheng68k_scfoundation_all_t4_ce.npy,open_set_holdout_CD19plus_B_seed4.npz,CD19+ B,mlp_entropy,mlp,4225,604,1766,1208,558,8.230861863999962,4,42,92.06472547600015,581.50390625,2026-04-25T07:20:59+00:00,2026-04-25T07:22:31+00:00,3.12.12,Linux-6.6.113+-x86_64-with-glibc2.35,8093
0.7119205298013245,0.6098901587979776,0.37207263445289884,0.7549668874172185,0.9354304635761589,0.07706093189964158,0.731858407079646,0.06851642129105323,-0.07866816967725754,0.875,0.13261648745519714,0.750236518448439,0.1274065685164213,-0.15308701992034912,0.7764900662251656,0.25806451612903225,0.7953091684434968,0.23442808607021517,-0.2917497158050537,zheng68k,zheng68k_scfoundation_all_t4_ce.npy,open_set_holdout_CD19plus_B_seed0.npz,CD19+ B,mlp_margin,mlp,4225,604,1766,1208,558,4.420567109999865,0,42,92.06459392800002,581.50390625,2026-04-25T07:20:59+00:00,2026-04-25T07:22:31+00:00,3.12.12,Linux-6.6.113+-x86_64-with-glibc2.35,8093
0.7135761589403974,0.7313148306392272,0.4876611545364694,0.6018211920529801,0.9528145695364238,0.09498207885304659,0.7263249348392702,0.0622876557191393,-0.0712556317448616,0.8965231788079471,0.2132616487455197,0.7423822714681441,0.13816534541336353,-0.1587824523448944,0.7971854304635762,0.46953405017921146,0.7694704049844237,0.28708946772366933,-0.3236496150493622,zheng68k,zheng68k_scfoundation_all_t4_ce.npy,open_set_holdout_CD19plus_B_seed1.npz,CD19+ B,mlp_margin,mlp,4225,604,1766,1208,558,4.169288899999856,1,42,92.06463748400006,581.50390625,2026-04-25T07:20:59+00:00,2026-04-25T07:22:31+00:00,3.12.12,Linux-6.6.113+-x86_64-with-glibc2.35,8093
0.7052980132450332,0.6904670773101663,0.44082215417778214,0.6862582781456954,0.9478476821192053,0.1057347670250896,0.7222707423580786,0.06908267270668177,-0.0482235923409462,0.8865894039735099,0.18996415770609318,0.7441643323996265,0.13759909399773498,-0.09602140635251999,0.7955298013245033,0.3602150537634409,0.7731529656607701,0.2536806342015855,-0.19697125256061554,zheng68k,zheng68k_scfoundation_all_t4_ce.npy,open_set_holdout_CD19plus_B_seed2.npz,CD19+ B,mlp_margin,mlp,4225,604,1766,1208,558,4.006118443000105,2,42,92.06466914400016,581.50390625,2026-04-25T07:20:59+00:00,2026-04-25T07:22:31+00:00,3.12.12,Linux-6.6.113+-x86_64-with-glibc2.35,8093
0.7144039735099338,0.6152190296470366,0.36491907550422154,0.7119205298013245,0.9470198675496688,0.04838709677419355,0.7333916083916084,0.051528878822197054,-0.058189619332551956,0.9081125827814569,0.10215053763440861,0.7484047402005469,0.09513023782559456,-0.1169816330075264,0.7897350993377483,0.24551971326164876,0.7924528301886793,0.22140430351075877,-0.2693866789340973,zheng68k,zheng68k_scfoundation_all_t4_ce.npy,open_set_holdout_CD19plus_B_seed3.npz,CD19+ B,mlp_margin,mlp,4225,604,1766,1208,558,4.351491334000002,3,42,92.06469966200007,581.50390625,2026-04-25T07:20:59+00:00,2026-04-25T07:22:31+00:00,3.12.12,Linux-6.6.113+-x86_64-with-glibc2.35,8093
0.706953642384106,0.6651504901611717,0.4113819111149737,0.6763245033112583,0.9271523178807947,0.1039426523297491,0.7276785714285714,0.08267270668176671,-0.21272888779640198,0.8733443708609272,0.16308243727598568,0.7507109004739336,0.13816534541336353,-0.3367415964603424,0.7524834437086093,0.3673835125448029,0.7832783278327833,0.2853907134767837,-0.65290766954422,zheng68k,zheng68k_scfoundation_all_t4_ce.npy,open_set_holdout_CD19plus_B_seed4.npz,CD19+ B,mlp_margin,mlp,4225,604,1766,1208,558,8.230861863999962,4,42,92.06472855000015,581.50390625,2026-04-25T07:20:59+00:00,2026-04-25T07:22:31+00:00,3.12.12,Linux-6.6.113+-x86_64-with-glibc2.35,8093
0.7119205298013245,0.6519848263666357,0.45823016808089756,0.7483443708609272,0.9519867549668874,0.12724014336917563,0.7269565217391304,0.07304643261608154,0.5656014084815979,0.8915562913907285,0.1953405017921147,0.7465181058495822,0.13590033975084936,0.5014553666114807,0.777317880794702,0.35125448028673834,0.7912673056443025,0.26330690826727066,0.40582582354545593,zheng68k,zheng68k_scfoundation_all_t4_ce.npy,open_set_holdout_CD19plus_B_seed0.npz,CD19+ B,mlp_maxprob,mlp,4225,604,1766,1208,558,4.420567109999865,0,42,92.06454959300004,581.50390625,2026-04-25T07:20:59+00:00,2026-04-25T07:22:31+00:00,3.12.12,Linux-6.6.113+-x86_64-with-glibc2.35,8093
0.7135761589403974,0.7901371383132758,0.636897559483061,0.5960264900662252,0.9395695364238411,0.35842293906810035,0.7348017621145374,0.15458663646659115,0.52107834815979,0.9031456953642384,0.44802867383512546,0.7451879010082493,0.20781426953567383,0.4748407006263733,0.7988410596026491,0.578853046594982,0.7751295336787565,0.3204983012457531,0.3816341757774353,zheng68k,zheng68k_scfoundation_all_t4_ce.npy,open_set_holdout_CD19plus_B_seed1.npz,CD19+ B,mlp_maxprob,mlp,4225,604,1766,1208,558,4.169288899999856,1,42,92.064629406,581.50390625,2026-04-25T07:20:59+00:00,2026-04-25T07:22:31+00:00,3.12.12,Linux-6.6.113+-x86_64-with-glibc2.35,8093
0.7052980132450332,0.7255809537373306,0.5075551881050879,0.6647350993377483,0.956953642384106,0.14157706093189965,0.7214532871972318,0.07417893544733861,0.6080612540245056,0.8981788079470199,0.25089605734767023,0.7456221198156682,0.14892412231030577,0.5513550639152527,0.7847682119205298,0.45340501792114696,0.790084388185654,0.2904869762174405,0.47222545742988586,zheng68k,zheng68k_scfoundation_all_t4_ce.npy,open_set_holdout_CD19plus_B_seed2.npz,CD19+ B,mlp_maxprob,mlp,4225,604,1766,1208,558,4.006118443000105,2,42,92.06466189700018,581.50390625,2026-04-25T07:20:59+00:00,2026-04-25T07:22:31+00:00,3.12.12,Linux-6.6.113+-x86_64-with-glibc2.35,8093
0.7144039735099338,0.6459253127299485,0.42583986909009286,0.6986754966887417,0.9437086092715232,0.08960573476702509,0.737719298245614,0.06681766704416761,0.5619055032730103,0.9089403973509934,0.1774193548387097,0.7504553734061931,0.11834654586636467,0.4997956454753876,0.7971854304635762,0.28136200716845877,0.7840083073727934,0.2276330690826727,0.416588693857193,zheng68k,zheng68k_scfoundation_all_t4_ce.npy,open_set_holdout_CD19plus_B_seed3.npz,CD19+ B,mlp_maxprob,mlp,4225,604,1766,1208,558,4.351491334000002,3,42,92.0646934450001,581.50390625,2026-04-25T07:20:59+00:00,2026-04-25T07:22:31+00:00,3.12.12,Linux-6.6.113+-x86_64-with-glibc2.35,8093
0.706953642384106,0.6802729414417623,0.4571040005795956,0.6614238410596026,0.9403973509933775,0.13620071684587814,0.7279929577464789,0.08380520951302378,0.43547293543815613,0.8733443708609272,0.22401433691756273,0.7516587677725118,0.15741789354473387,0.3420867919921875,0.7516556291390728,0.3906810035842294,0.7830396475770925,0.29331823329558326,0.18128164112567902,zheng68k,zheng68k_scfoundation_all_t4_ce.npy,open_set_holdout_CD19plus_B_seed4.npz,CD19+ B,mlp_maxprob,mlp,4225,604,1766,1208,558,8.230861863999962,4,42,92.06472184000017,581.50390625,2026-04-25T07:20:59+00:00,2026-04-25T07:22:31+00:00,3.12.12,Linux-6.6.113+-x86_64-with-glibc2.35,8093
0.5612582781456954,0.8315664387951294,0.6955312537762721,0.7061258278145696,0.9437086092715232,0.553763440860215,0.5692982456140351,0.21347678369195924,0.6381006240844727,0.8973509933774835,0.6774193548387096,0.5728782287822878,0.2842582106455266,0.5684971809387207,0.7905629139072847,0.7437275985663082,0.5696335078534032,0.3782559456398641,0.4889976978302002,zheng68k,zheng68k_scfoundation_all_t4_ce.npy,open_set_holdout_CD19plus_B_seed0.npz,CD19+ B,proto_1_minus_max_cosine,prototype,4225,604,1766,1208,558,0.27890005099993687,0,42,92.064598079,581.50390625,2026-04-25T07:20:59+00:00,2026-04-25T07:22:31+00:00,3.12.12,Linux-6.6.113+-x86_64-with-glibc2.35,8093
0.6225165562913907,0.8183644283035438,0.6828202229518341,0.7400662251655629,0.9495033112582781,0.4767025089605735,0.6277244986922407,0.18516421291053228,0.6491998434066772,0.9048013245033113,0.6433691756272402,0.6276303751143641,0.26840317100792754,0.5817086100578308,0.8153973509933775,0.7096774193548387,0.6253807106598985,0.3505096262740657,0.5126063823699951,zheng68k,zheng68k_scfoundation_all_t4_ce.npy,open_set_holdout_CD19plus_B_seed1.npz,CD19+ B,proto_1_minus_max_cosine,prototype,4225,604,1766,1208,558,0.2724754920000123,1,42,92.06464099699997,581.50390625,2026-04-25T07:20:59+00:00,2026-04-25T07:22:31+00:00,3.12.12,Linux-6.6.113+-x86_64-with-glibc2.35,8093
0.5869205298013245,0.8275267630373377,0.7088841077077517,0.7317880794701986,0.9495033112582781,0.5268817204301075,0.5919790758500436,0.20101925254813138,0.6410475969314575,0.8791390728476821,0.6774193548387096,0.5951035781544256,0.29671574178935445,0.5541780591011047,0.8038079470198676,0.7293906810035843,0.5942327497425335,0.3646659116647792,0.49996986985206604,zheng68k,zheng68k_scfoundation_all_t4_ce.npy,open_set_holdout_CD19plus_B_seed2.npz,CD19+ B,proto_1_minus_max_cosine,prototype,4225,604,1766,1208,558,0.2746196990001408,2,42,92.06467285500003,581.50390625,2026-04-25T07:20:59+00:00,2026-04-25T07:22:31+00:00,3.12.12,Linux-6.6.113+-x86_64-with-glibc2.35,8093
0.6043046357615894,0.8242637197654822,0.6840802250499671,0.7185430463576159,0.9470198675496688,0.510752688172043,0.6066433566433567,0.19762174405436014,0.6382622122764587,0.9072847682119205,0.6308243727598566,0.6076642335766423,0.2627406568516421,0.5875846147537231,0.8129139072847682,0.7168458781362007,0.6089613034623218,0.35447338618346547,0.5045052766799927,zheng68k,zheng68k_scfoundation_all_t4_ce.npy,open_set_holdout_CD19plus_B_seed3.npz,CD19+ B,proto_1_minus_max_cosine,prototype,4225,604,1766,1208,558,0.2655417100002069,3,42,92.0647028620001,581.50390625,2026-04-25T07:20:59+00:00,2026-04-25T07:22:31+00:00,3.12.12,Linux-6.6.113+-x86_64-with-glibc2.35,8093
0.6009933774834437,0.8164773671342781,0.6708943883068923,0.7135761589403974,0.9577814569536424,0.3924731182795699,0.6032843560933449,0.15288788221970556,0.6666033267974854,0.9139072847682119,0.5824372759856631,0.6096014492753623,0.24292185730464327,0.6023250222206116,0.8087748344370861,0.7043010752688172,0.6079836233367452,0.35334088335220837,0.5065354704856873,zheng68k,zheng68k_scfoundation_all_t4_ce.npy,open_set_holdout_CD19plus_B_seed4.npz,CD19+ B,proto_1_minus_max_cosine,prototype,4225,604,1766,1208,558,0.26927393400001165,4,42,92.06473193300008,581.50390625,2026-04-25T07:20:59+00:00,2026-04-25T07:22:31+00:00,3.12.12,Linux-6.6.113+-x86_64-with-glibc2.35,8093
0.5612582781456954,0.8632021588454508,0.8160107593795293,0.6738410596026491,0.9362582781456954,0.7043010752688172,0.5773651635720601,0.26613816534541335,0.8836683417085429,0.8849337748344371,0.7240143369175627,0.5893358278765201,0.3074745186862967,0.8309882747068679,0.7740066225165563,0.7634408602150538,0.611764705882353,0.39580973952434884,0.7101133030509169,zheng68k,zheng68k_scfoundation_all_t4_ce.npy,open_set_holdout_CD19plus_B_seed0.npz,CD19+ B,proto_class_tail_quantile,prototype,4225,604,1766,1208,558,0.27890005099993687,0,42,92.06460964300004,581.50390625,2026-04-25T07:20:59+00:00,2026-04-25T07:22:31+00:00,3.12.12,Linux-6.6.113+-x86_64-with-glibc2.35,8093
0.6225165562913907,0.8455050262289635,0.7720363459737961,0.7417218543046358,0.9586092715231788,0.6738351254480287,0.6364421416234888,0.24122310305775765,0.9243911867027446,0.9147350993377483,0.6917562724014337,0.6416289592760182,0.2768969422423556,0.8641517631827258,0.8129139072847682,0.7401433691756273,0.6639511201629328,0.36183465458663644,0.7564007267395533,zheng68k,zheng68k_scfoundation_all_t4_ce.npy,open_set_holdout_CD19plus_B_seed1.npz,CD19+ B,proto_class_tail_quantile,prototype,4225,604,1766,1208,558,0.2724754920000123,1,42,92.06465174799996,581.50390625,2026-04-25T07:20:59+00:00,2026-04-25T07:22:31+00:00,3.12.12,Linux-6.6.113+-x86_64-with-glibc2.35,8093
0.5869205298013245,0.848547764010539,0.7751409451263459,0.7135761589403974,0.9511589403973509,0.6577060931899642,0.5970409051348999,0.24122310305775765,0.8927238757892024,0.9081125827814569,0.6827956989247311,0.6052871467639015,0.2785956964892412,0.8369230769230772,0.8451986754966887,0.7275985663082437,0.6278158667972575,0.3357870894677237,0.7692307692307692,zheng68k,zheng68k_scfoundation_all_t4_ce.npy,open_set_holdout_CD19plus_B_seed2.npz,CD19+ B,proto_class_tail_quantile,prototype,4225,604,1766,1208,558,0.2746196990001408,2,42,92.06468321500006,581.50390625,2026-04-25T07:20:59+00:00,2026-04-25T07:22:31+00:00,3.12.12,Linux-6.6.113+-x86_64-with-glibc2.35,8093
0.6043046357615894,0.8594272947375916,0.8085563235354983,0.6730132450331126,0.9519867549668874,0.6612903225806451,0.6121739130434782,0.24178935447338618,0.8925361101780316,0.9031456953642384,0.6845878136200717,0.6278643446379468,0.282559456398641,0.8376708307894616,0.8153973509933775,0.7437275985663082,0.6598984771573604,0.36126840317100795,0.7500436681222709,zheng68k,zheng68k_scfoundation_all_t4_ce.npy,open_set_holdout_CD19plus_B_seed3.npz,CD19+ B,proto_class_tail_quantile,prototype,4225,604,1766,1208,558,0.2655417100002069,3,42,92.06471248800017,581.50390625,2026-04-25T07:20:59+00:00,2026-04-25T07:22:31+00:00,3.12.12,Linux-6.6.113+-x86_64-with-glibc2.35,8093
0.6009933774834437,0.813545152982506,0.7576891563758197,0.7980132450331126,0.9544701986754967,0.5913978494623656,0.611448395490026,0.21800679501698755,0.8885119025785865,0.9221854304635762,0.6129032258064516,0.6202872531418312,0.24688561721404303,0.8333333333333334,0.804635761589404,0.6630824372759857,0.6553497942386831,0.3431483578708947,0.7299270072992701,zheng68k,zheng68k_scfoundation_all_t4_ce.npy,open_set_holdout_CD19plus_B_seed4.npz,CD19+ B,proto_class_tail_quantile,prototype,4225,604,1766,1208,558,0.26927393400001165,4,42,92.06474127900015,581.50390625,2026-04-25T07:20:59+00:00,2026-04-25T07:22:31+00:00,3.12.12,Linux-6.6.113+-x86_64-with-glibc2.35,8093
0.5612582781456954,0.8568340691685064,0.7604138743996601,0.6423841059602649,0.9362582781456954,0.6720430107526881,0.5782493368700266,0.2559456398640997,1.2120976448059082,0.8849337748344371,0.7258064516129032,0.5884003741814781,0.30804077010192527,0.7399807572364807,0.7748344370860927,0.7652329749103942,0.6079059829059829,0.39580973952434884,0.2250663936138153,zheng68k,zheng68k_scfoundation_all_t4_ce.npy,open_set_holdout_CD19plus_B_seed0.npz,CD19+ B,proto_class_z,prototype,4225,604,1766,1208,558,0.27890005099993687,0,42,92.06460593400016,581.50390625,2026-04-25T07:20:59+00:00,2026-04-25T07:22:31+00:00,3.12.12,Linux-6.6.113+-x86_64-with-glibc2.35,8093
0.6225165562913907,0.8461036340762894,0.7279838791885348,0.7028145695364238,0.956953642384106,0.6290322580645161,0.634083044982699,0.22819932049830124,1.6345254182815552,0.9188741721854304,0.6989247311827957,0.6414414414414414,0.27633069082672707,1.0107113122940063,0.8096026490066225,0.7311827956989247,0.66359918200409,0.36126840317100795,0.3873135447502136,zheng68k,zheng68k_scfoundation_all_t4_ce.npy,open_set_holdout_CD19plus_B_seed1.npz,CD19+ B,proto_class_z,prototype,4225,604,1766,1208,558,0.2724754920000123,1,42,92.06464811299998,581.50390625,2026-04-25T07:20:59+00:00,2026-04-25T07:22:31+00:00,3.12.12,Linux-6.6.113+-x86_64-with-glibc2.35,8093
0.5869205298013245,0.8441690996700609,0.707399870027637,0.6920529801324503,0.9495033112582781,0.6146953405017921,0.6015693112467306,0.2287655719139298,1.2924344539642334,0.9163907284768212,0.6953405017921147,0.6097560975609756,0.2768969422423556,0.8623785376548767,0.8327814569536424,0.7275985663082437,0.6262425447316103,0.34428086070215175,0.4236490726470947,zheng68k,zheng68k_scfoundation_all_t4_ce.npy,open_set_holdout_CD19plus_B_seed2.npz,CD19+ B,proto_class_z,prototype,4225,604,1766,1208,558,0.2746196990001408,2,42,92.06467972500013,581.50390625,2026-04-25T07:20:59+00:00,2026-04-25T07:22:31+00:00,3.12.12,Linux-6.6.113+-x86_64-with-glibc2.35,8093
0.6043046357615894,0.8529471978921883,0.7515161783197739,0.6316225165562914,0.9586092715231788,0.6200716845878136,0.6122625215889465,0.22423556058890148,1.329253077507019,0.9089403973509934,0.6917562724014337,0.6275045537340619,0.2808607021517554,0.8315625190734863,0.8104304635761589,0.7347670250896058,0.6578140960163432,0.36183465458663644,0.3377060890197754,zheng68k,zheng68k_scfoundation_all_t4_ce.npy,open_set_holdout_CD19plus_B_seed3.npz,CD19+ B,proto_class_z,prototype,4225,604,1766,1208,558,0.2655417100002069,3,42,92.06470910999997,581.50390625,2026-04-25T07:20:59+00:00,2026-04-25T07:22:31+00:00,3.12.12,Linux-6.6.113+-x86_64-with-glibc2.35,8093
0.6009933774834437,0.8137713926274063,0.6969387318941861,0.7690397350993378,0.9577814569536424,0.5591397849462365,0.6136560069144339,0.2055492638731597,1.2161048650741577,0.9221854304635762,0.6344086021505376,0.6193895870736086,0.2536806342015855,0.7645374536514282,0.8236754966887417,0.6774193548387096,0.6492462311557788,0.3346545866364666,0.3303860127925873,zheng68k,zheng68k_scfoundation_all_t4_ce.npy,open_set_holdout_CD19plus_B_seed4.npz,CD19+ B,proto_class_z,prototype,4225,604,1766,1208,558,0.26927393400001165,4,42,92.06473822800012,581.50390625,2026-04-25T07:20:59+00:00,2026-04-25T07:22:31+00:00,3.12.12,Linux-6.6.113+-x86_64-with-glibc2.35,8093
0.5612582781456954,0.6856782145315579,0.4253959589183058,0.6490066225165563,0.9428807947019867,0.07168458781362007,0.5759438103599649,0.06172140430351076,-0.012547972612082958,0.918046357615894,0.12365591397849462,0.5834084761045988,0.09513023782559456,-0.02013443596661091,0.7847682119205298,0.34587813620071683,0.6276371308016878,0.2565118912797282,-0.04838908091187477,zheng68k,zheng68k_scfoundation_all_t4_ce.npy,open_set_holdout_CD19plus_B_seed0.npz,CD19+ B,proto_margin,prototype,4225,604,1766,1208,558,0.27890005099993687,0,42,92.06460216300002,581.50390625,2026-04-25T07:20:59+00:00,2026-04-25T07:22:31+00:00,3.12.12,Linux-6.6.113+-x86_64-with-glibc2.35,8093
0.6225165562913907,0.733007548244677,0.45068325750473165,0.5099337748344371,0.9428807947019867,0.07706093189964158,0.6374012291483757,0.06342015855039637,-0.01094671618193388,0.8923841059602649,0.17921146953405018,0.6512059369202227,0.13023782559456398,-0.020908363163471222,0.8104304635761589,0.3602150537634409,0.6782431052093973,0.2434881087202718,-0.04189150407910347,zheng68k,zheng68k_scfoundation_all_t4_ce.npy,open_set_holdout_CD19plus_B_seed1.npz,CD19+ B,proto_margin,prototype,4225,604,1766,1208,558,0.2724754920000123,1,42,92.0646444250001,581.50390625,2026-04-25T07:20:59+00:00,2026-04-25T07:22:31+00:00,3.12.12,Linux-6.6.113+-x86_64-with-glibc2.35,8093
0.5869205298013245,0.7200191673194238,0.45488828862862607,0.5662251655629139,0.9668874172185431,0.06272401433691756,0.5933219178082192,0.04246885617214043,-0.009882234036922455,0.9403973509933775,0.10752688172043011,0.5985915492957746,0.07474518686296716,-0.017227133736014366,0.8451986754966887,0.2777777777777778,0.6327130264446621,0.19365798414496035,-0.040540363639593124,zheng68k,zheng68k_scfoundation_all_t4_ce.npy,open_set_holdout_CD19plus_B_seed2.npz,CD19+ B,proto_margin,prototype,4225,604,1766,1208,558,0.2746196990001408,2,42,92.06467632700014,581.50390625,2026-04-25T07:20:59+00:00,2026-04-25T07:22:31+00:00,3.12.12,Linux-6.6.113+-x86_64-with-glibc2.35,8093
0.6043046357615894,0.6998534263808778,0.42282515660627784,0.5778145695364238,0.9420529801324503,0.06810035842293907,0.6230228471001757,0.061155152887882216,-0.012167463079094887,0.8956953642384106,0.13440860215053763,0.6321626617375231,0.11381653454133635,-0.021970001980662346,0.7955298013245033,0.3046594982078853,0.6628511966701353,0.2361268403171008,-0.044514238834381104,zheng68k,zheng68k_scfoundation_all_t4_ce.npy,open_set_holdout_CD19plus_B_seed3.npz,CD19+ B,proto_margin,prototype,4225,604,1766,1208,558,0.2655417100002069,3,42,92.06470608000018,581.50390625,2026-04-25T07:20:59+00:00,2026-04-25T07:22:31+00:00,3.12.12,Linux-6.6.113+-x86_64-with-glibc2.35,8093
0.6009933774834437,0.7511245223005532,0.47362023467854286,0.5256622516556292,0.956953642384106,0.053763440860215055,0.6141868512110726,0.0464326160815402,-0.008963965810835361,0.9238410596026491,0.13799283154121864,0.6209677419354839,0.0956964892412231,-0.01887308433651924,0.8336092715231788,0.34946236559139787,0.6504468718967229,0.22423556058890148,-0.0431521050632,zheng68k,zheng68k_scfoundation_all_t4_ce.npy,open_set_holdout_CD19plus_B_seed4.npz,CD19+ B,proto_margin,prototype,4225,604,1766,1208,558,0.26927393400001165,4,42,92.06473496400008,581.50390625,2026-04-25T07:20:59+00:00,2026-04-25T07:22:31+00:00,3.12.12,Linux-6.6.113+-x86_64-with-glibc2.35,8093
0.6736292428198434,0.4940204898086618,0.4297483541506467,0.9016536118363795,0.9503916449086162,0.0246189917936694,0.6868131868131868,0.03896103896103896,0.41712987422943115,0.9112271540469974,0.07971864009378664,0.6914995224450812,0.08491508491508491,0.3908117711544037,0.8154917319408181,0.24384525205158264,0.7086446104589115,0.2097902097902098,0.3542585074901581,zheng68k,zheng68k_scfoundation_all_t4_ce.npy,open_set_holdout_CD56plus_NK_seed0.npz,CD56+ NK,knn_cosine_mean_distance_k10,knn,4019,574,2002,1149,853,0.490458548000106,0,42,92.06477612699996,581.50390625,2026-04-25T07:20:59+00:00,2026-04-25T07:22:31+00:00,3.12.12,Linux-6.6.113+-x86_64-with-glibc2.35,8093
0.6866840731070496,0.5213647220632244,0.4735560467564721,0.8912097476066144,0.959094865100087,0.041031652989449004,0.6923774954627949,0.04095904095904096,0.41935995221138,0.906875543951262,0.16647127784290738,0.6986564299424184,0.12437562437562437,0.38359880447387695,0.8198433420365535,0.33177022274325907,0.7154989384288747,0.24475524475524477,0.35274738073349,zheng68k,zheng68k_scfoundation_all_t4_ce.npy,open_set_holdout_CD56plus_NK_seed1.npz,CD56+ NK,knn_cosine_mean_distance_k10,knn,4019,574,2002,1149,853,0.49977883699989434,1,42,92.0648047730001,581.50390625,2026-04-25T07:20:59+00:00,2026-04-25T07:22:31+00:00,3.12.12,Linux-6.6.113+-x86_64-with-glibc2.35,8093
0.6901653611836379,0.4759539106843506,0.4098283603066788,0.8990426457789382,0.9495213228894691,0.0246189917936694,0.7048579285059579,0.039460539460539464,0.41532382369041443,0.8738033072236727,0.08675263774912075,0.7151394422310757,0.10939060939060939,0.3794957399368286,0.7693646649260226,0.2637749120750293,0.7285067873303167,0.24475524475524477,0.34342989325523376,zheng68k,zheng68k_scfoundation_all_t4_ce.npy,open_set_holdout_CD56plus_NK_seed2.npz,CD56+ NK,knn_cosine_mean_distance_k10,knn,4019,574,2002,1149,853,0.49039908800000376,2,42,92.06483975800006,581.50390625,2026-04-25T07:20:59+00:00,2026-04-25T07:22:31+00:00,3.12.12,Linux-6.6.113+-x86_64-with-glibc2.35,8093
0.68059181897302,0.4883537037660558,0.4211415544390388,0.9016536118363795,0.9469103568320278,0.022274325908558032,0.6865808823529411,0.03996003996003996,0.4175162613391876,0.8859878154917319,0.06799531066822978,0.6984282907662083,0.0944055944055944,0.3870987892150879,0.7893820713664056,0.2719812426729191,0.7188533627342889,0.23676323676323677,0.34849813580513,zheng68k,zheng68k_scfoundation_all_t4_ce.npy,open_set_holdout_CD56plus_NK_seed3.npz,CD56+ NK,knn_cosine_mean_distance_k10,knn,4019,574,2002,1149,853,0.4909893369999736,3,42,92.06486954800016,581.50390625,2026-04-25T07:20:59+00:00,2026-04-25T07:22:31+00:00,3.12.12,Linux-6.6.113+-x86_64-with-glibc2.35,8093
0.700609225413403,0.48112788836207027,0.4131070640613437,0.9033942558746736,0.9660574412532638,0.008206330597889801,0.7072072072072072,0.022977022977022976,0.4264470934867859,0.917319408181027,0.03985932004689332,0.713472485768501,0.06443556443556443,0.39311400055885315,0.8363794604003482,0.1477139507620164,0.7273673257023934,0.15684315684315683,0.3602975308895111,zheng68k,zheng68k_scfoundation_all_t4_ce.npy,open_set_holdout_CD56plus_NK_seed4.npz,CD56+ NK,knn_cosine_mean_distance_k10,knn,4019,574,2002,1149,853,0.5128203239999038,4,42,92.06490022800017,581.50390625,2026-04-25T07:20:59+00:00,2026-04-25T07:22:31+00:00,3.12.12,Linux-6.6.113+-x86_64-with-glibc2.35,8093
0.5613577023498695,0.9421332786448687,0.8941449199546148,0.20539599651871193,0.9503916449086162,0.6166471277842908,0.5686813186813187,0.29120879120879123,1.6716411113739014,0.9060052219321149,0.8218053927315357,0.5686839577329491,0.40409590409590407,1.3939244747161865,0.7946040034812881,0.9495896834701055,0.5739320920043811,0.5224775224775224,1.0949057340621948,zheng68k,zheng68k_scfoundation_all_t4_ce.npy,open_set_holdout_CD56plus_NK_seed0.npz,CD56+ NK,mahalanobis_diag_min,mahalanobis,4019,574,2002,1149,853,0.4313597039999877,0,42,92.06477307099999,581.50390625,2026-04-25T07:20:59+00:00,2026-04-25T07:22:31+00:00,3.12.12,Linux-6.6.113+-x86_64-with-glibc2.35,8093
0.6475195822454308,0.93700113356127,0.8969538247970608,0.23585726718885988,0.9512619669277633,0.6248534583821805,0.6486733760292772,0.2942057942057942,1.6751677989959717,0.8885987815491732,0.8241500586166471,0.6415279138099902,0.4150849150849151,1.3931313753128052,0.8067885117493473,0.9273153575615475,0.6289104638619202,0.505994005994006,1.1794298887252808,zheng68k,zheng68k_scfoundation_all_t4_ce.npy,open_set_holdout_CD56plus_NK_seed1.npz,CD56+ NK,mahalanobis_diag_min,mahalanobis,4019,574,2002,1149,853,0.43774551700016673,1,42,92.06480173299997,581.50390625,2026-04-25T07:20:59+00:00,2026-04-25T07:22:31+00:00,3.12.12,Linux-6.6.113+-x86_64-with-glibc2.35,8093
0.6214099216710183,0.9410854231775019,0.8971247299862454,0.21671018276762402,0.9686684073107049,0.5345838218053928,0.6208445642407907,0.24575424575424576,1.8334087133407593,0.9190600522193212,0.7749120750293084,0.6183712121212122,0.37662337662337664,1.4358317852020264,0.8120104438642297,0.9378663540445487,0.6184351554126474,0.5074925074925075,1.1246436834335327,zheng68k,zheng68k_scfoundation_all_t4_ce.npy,open_set_holdout_CD56plus_NK_seed2.npz,CD56+ NK,mahalanobis_diag_min,mahalanobis,4019,574,2002,1149,853,0.4416507040000397,2,42,92.06483652300017,581.50390625,2026-04-25T07:20:59+00:00,2026-04-25T07:22:31+00:00,3.12.12,Linux-6.6.113+-x86_64-with-glibc2.35,8093
0.5944299390774587,0.9461532889091591,0.9122486024943026,0.195822454308094,0.9556135770234987,0.6330597889800703,0.5947176684881603,0.2952047952047952,1.6303623914718628,0.9033942558746736,0.8335287221570926,0.5915221579961464,0.41058941058941056,1.358986735343933,0.8311575282854656,0.9355216881594373,0.5895287958115183,0.4955044955044955,1.1351813077926636,zheng68k,zheng68k_scfoundation_all_t4_ce.npy,open_set_holdout_CD56plus_NK_seed3.npz,CD56+ NK,mahalanobis_diag_min,mahalanobis,4019,574,2002,1149,853,0.4374785889999657,3,42,92.06486624800004,581.50390625,2026-04-25T07:20:59+00:00,2026-04-25T07:22:31+00:00,3.12.12,Linux-6.6.113+-x86_64-with-glibc2.35,8093
0.6405570060922542,0.9389805294782047,0.8928918675188717,0.22628372497824195,0.9625761531766753,0.5767878077373975,0.6374321880650995,0.26723276723276723,1.711207389831543,0.9242819843342036,0.7596717467760844,0.6346516007532956,0.36713286713286714,1.4299359321594238,0.8198433420365535,0.9284876905041032,0.6263269639065817,0.499000999000999,1.1437433958053589,zheng68k,zheng68k_scfoundation_all_t4_ce.npy,open_set_holdout_CD56plus_NK_seed4.npz,CD56+ NK,mahalanobis_diag_min,mahalanobis,4019,574,2002,1149,853,0.4367216499999813,4,42,92.064896761,581.50390625,2026-04-25T07:20:59+00:00,2026-04-25T07:22:31+00:00,3.12.12,Linux-6.6.113+-x86_64-with-glibc2.35,8093
0.6814621409921671,0.14078198382405005,0.2737921004013527,0.9817232375979112,0.9495213228894691,0.0,0.7002749770852429,0.028971028971028972,0.550115474588012,0.8929503916449086,0.0011723329425556857,0.7192982456140351,0.061938061938061936,0.4735943467444012,0.8067885117493473,0.0023446658851113715,0.7540453074433657,0.11188811188811189,0.3541333106117852,zheng68k,zheng68k_scfoundation_all_t4_ce.npy,open_set_holdout_CD56plus_NK_seed0.npz,CD56+ NK,mlp_entropy,mlp,4019,574,2002,1149,853,4.764866553000047,0,42,92.06475422800008,581.50390625,2026-04-25T07:20:59+00:00,2026-04-25T07:22:31+00:00,3.12.12,Linux-6.6.113+-x86_64-with-glibc2.35,8093
0.7049608355091384,0.09852800284053517,0.26641717315408564,0.9808529155787642,0.9521322889469104,0.0,0.7303473491773309,0.027472527472527472,0.5090042960626779,0.9077458659704091,0.0,0.75071907957814,0.052947052947052944,0.4396450183658728,0.8120104438642297,0.0,0.7802786709539121,0.10789210789210789,0.33991571172513163,zheng68k,zheng68k_scfoundation_all_t4_ce.npy,open_set_holdout_CD56plus_NK_seed1.npz,CD56+ NK,mlp_entropy,mlp,4019,574,2002,1149,853,4.966346326000121,1,42,92.06478216200003,581.50390625,2026-04-25T07:20:59+00:00,2026-04-25T07:22:31+00:00,3.12.12,Linux-6.6.113+-x86_64-with-glibc2.35,8093
0.6866840731070496,0.13382450920674177,0.2731645911151197,0.9904264577893821,0.938207136640557,0.0,0.7087198515769945,0.035464535464535464,0.6280440613582285,0.8851174934725848,0.0,0.727630285152409,0.06593406593406594,0.5749516944136088,0.7676240208877284,0.0,0.7675736961451247,0.13336663336663337,0.4846314454244276,zheng68k,zheng68k_scfoundation_all_t4_ce.npy,open_set_holdout_CD56plus_NK_seed2.npz,CD56+ NK,mlp_entropy,mlp,4019,574,2002,1149,853,3.6772579980001865,2,42,92.06481727699997,581.50390625,2026-04-25T07:20:59+00:00,2026-04-25T07:22:31+00:00,3.12.12,Linux-6.6.113+-x86_64-with-glibc2.35,8093
0.6971279373368147,0.12377550385319004,0.2713005794017355,0.95822454308094,0.9599651871192341,0.0,0.7126019945602902,0.022977022977022976,0.5432400164403308,0.9129677980852916,0.0,0.7349857006673022,0.04995004995004995,0.4774759476942483,0.8320278503046127,0.0,0.7594142259414226,0.0964035964035964,0.38716847601903065,zheng68k,zheng68k_scfoundation_all_t4_ce.npy,open_set_holdout_CD56plus_NK_seed3.npz,CD56+ NK,mlp_entropy,mlp,4019,574,2002,1149,853,5.047677202000159,3,42,92.06484598200018,581.50390625,2026-04-25T07:20:59+00:00,2026-04-25T07:22:31+00:00,3.12.12,Linux-6.6.113+-x86_64-with-glibc2.35,8093
0.7180156657963447,0.13351739674746477,0.27290818525728755,0.9765013054830287,0.9469103568320278,0.0,0.7463235294117647,0.030469530469530468,0.5150191907250832,0.8929503916449086,0.0,0.7631578947368421,0.06143856143856144,0.43937473261623794,0.793733681462141,0.0,0.7993421052631579,0.11838161838161838,0.33917145389552544,zheng68k,zheng68k_scfoundation_all_t4_ce.npy,open_set_holdout_CD56plus_NK_seed4.npz,CD56+ NK,mlp_entropy,mlp,4019,574,2002,1149,853,5.029013923999855,4,42,92.06487612399997,581.50390625,2026-04-25T07:20:59+00:00,2026-04-25T07:22:31+00:00,3.12.12,Linux-6.6.113+-x86_64-with-glibc2.35,8093
0.6814621409921671,0.14177372239686478,0.2743550031813652,1.0,0.9608355091383812,0.0011723329425556857,0.6956521739130435,0.022977022977022976,-0.07102659344673157,0.9016536118363795,0.0023446658851113715,0.7191119691119691,0.05744255744255744,-0.18865971267223358,0.7963446475195822,0.0023446658851113715,0.7595628415300546,0.11788211788211789,-0.3984070122241974,zheng68k,zheng68k_scfoundation_all_t4_ce.npy,open_set_holdout_CD56plus_NK_seed0.npz,CD56+ NK,mlp_margin,mlp,4019,574,2002,1149,853,4.764866553000047,0,42,92.06475724799998,581.50390625,2026-04-25T07:20:59+00:00,2026-04-25T07:22:31+00:00,3.12.12,Linux-6.6.113+-x86_64-with-glibc2.35,8093
0.7049608355091384,0.09564716553565616,0.3074789204780498,1.0,0.9355961705831157,0.0,0.7320930232558139,0.03696303696303696,-0.12994733452796936,0.8929503916449086,0.0,0.7446393762183235,0.06143856143856144,-0.2222181111574173,0.7980852915578764,0.0,0.7764449291166848,0.11588411588411589,-0.43927016854286194,zheng68k,zheng68k_scfoundation_all_t4_ce.npy,open_set_holdout_CD56plus_NK_seed1.npz,CD56+ NK,mlp_margin,mlp,4019,574,2002,1149,853,4.966346326000121,1,42,92.06478567700015,581.50390625,2026-04-25T07:20:59+00:00,2026-04-25T07:22:31+00:00,3.12.12,Linux-6.6.113+-x86_64-with-glibc2.35,8093
0.6866840731070496,0.13529477184401137,0.2733775973697148,0.9895561357702349,0.9469103568320278,0.0,0.7022058823529411,0.030469530469530468,-0.06365203857421875,0.9051348999129678,0.0,0.7173076923076923,0.05444555444555445,-0.11640354990959167,0.7885117493472585,0.0011723329425556857,0.7527593818984547,0.12187812187812187,-0.2417057454586029,zheng68k,zheng68k_scfoundation_all_t4_ce.npy,open_set_holdout_CD56plus_NK_seed2.npz,CD56+ NK,mlp_margin,mlp,4019,574,2002,1149,853,3.6772579980001865,2,42,92.06482056000004,581.50390625,2026-04-25T07:20:59+00:00,2026-04-25T07:22:31+00:00,3.12.12,Linux-6.6.113+-x86_64-with-glibc2.35,8093
0.6971279373368147,0.12343319079642118,0.2732593495142127,1.0,0.9547432550043516,0.0,0.7110300820419325,0.025974025974025976,-0.060807064175605774,0.8999129677980853,0.0,0.7253384912959381,0.05744255744255744,-0.1510203778743744,0.7963446475195822,0.0011723329425556857,0.7584699453551913,0.11738261738261738,-0.34884417057037354,zheng68k,zheng68k_scfoundation_all_t4_ce.npy,open_set_holdout_CD56plus_NK_seed3.npz,CD56+ NK,mlp_margin,mlp,4019,574,2002,1149,853,5.047677202000159,3,42,92.064849353,581.50390625,2026-04-25T07:20:59+00:00,2026-04-25T07:22:31+00:00,3.12.12,Linux-6.6.113+-x86_64-with-glibc2.35,8093
0.7180156657963447,0.13359238932473008,0.27825337586108606,1.0,0.9486510008703221,0.0,0.7339449541284404,0.029470529470529472,-0.10421662032604218,0.8938207136640557,0.0,0.7585199610516066,0.060939060939060936,-0.23190705478191376,0.8015665796344648,0.0023446658851113715,0.7915309446254072,0.11488511488511488,-0.4675302505493164,zheng68k,zheng68k_scfoundation_all_t4_ce.npy,open_set_holdout_CD56plus_NK_seed4.npz,CD56+ NK,mlp_margin,mlp,4019,574,2002,1149,853,5.029013923999855,4,42,92.06487948100016,581.50390625,2026-04-25T07:20:59+00:00,2026-04-25T07:22:31+00:00,3.12.12,Linux-6.6.113+-x86_64-with-glibc2.35,8093
0.6814621409921671,0.14146201855530624,0.2748712980984353,1.0,0.9521322889469104,0.0011723329425556857,0.6983546617915904,0.027972027972027972,0.554220974445343,0.8946910356832027,0.0023446658851113715,0.7247081712062257,0.06143856143856144,0.4658658802509308,0.7850304612706701,0.0023446658851113715,0.761640798226164,0.12437562437562437,0.32823440432548523,zheng68k,zheng68k_scfoundation_all_t4_ce.npy,open_set_holdout_CD56plus_NK_seed0.npz,CD56+ NK,mlp_maxprob,mlp,4019,574,2002,1149,853,4.764866553000047,0,42,92.06475100400007,581.50390625,2026-04-25T07:20:59+00:00,2026-04-25T07:22:31+00:00,3.12.12,Linux-6.6.113+-x86_64-with-glibc2.35,8093
0.7049608355091384,0.09520435222228005,0.31924914710150465,1.0,0.9442993907745866,0.0,0.7327188940092166,0.03196803196803197,0.49375301599502563,0.897302001740644,0.0,0.7516973811833172,0.058941058941058944,0.43517041206359863,0.8120104438642297,0.0,0.7727759914255091,0.10789210789210789,0.3301018476486206,zheng68k,zheng68k_scfoundation_all_t4_ce.npy,open_set_holdout_CD56plus_NK_seed1.npz,CD56+ NK,mlp_maxprob,mlp,4019,574,2002,1149,853,4.966346326000121,1,42,92.06477913499998,581.50390625,2026-04-25T07:20:59+00:00,2026-04-25T07:22:31+00:00,3.12.12,Linux-6.6.113+-x86_64-with-glibc2.35,8093
0.6866840731070496,0.13427089359522576,0.2732645645080231,0.9895561357702349,0.9416884247171453,0.0,0.7097966728280961,0.033466533466533464,0.601529061794281,0.8920800696257616,0.0,0.7278048780487805,0.061938061938061936,0.540900468826294,0.7641427328111401,0.0,0.7642369020501139,0.13536463536463536,0.44045692682266235,zheng68k,zheng68k_scfoundation_all_t4_ce.npy,open_set_holdout_CD56plus_NK_seed2.npz,CD56+ NK,mlp_maxprob,mlp,4019,574,2002,1149,853,3.6772579980001865,2,42,92.06481340000005,581.50390625,2026-04-25T07:20:59+00:00,2026-04-25T07:22:31+00:00,3.12.12,Linux-6.6.113+-x86_64-with-glibc2.35,8093
0.6971279373368147,0.12200833182838028,0.27545995344545043,1.0,0.9599651871192341,0.0,0.7153218495013599,0.022977022977022976,0.5489727258682251,0.9138381201044387,0.0,0.7276190476190476,0.04945054945054945,0.4882986545562744,0.8059181897302001,0.0,0.7602591792656588,0.11138861138861139,0.3742886781692505,zheng68k,zheng68k_scfoundation_all_t4_ce.npy,open_set_holdout_CD56plus_NK_seed3.npz,CD56+ NK,mlp_maxprob,mlp,4019,574,2002,1149,853,5.047677202000159,3,42,92.06484282400015,581.50390625,2026-04-25T07:20:59+00:00,2026-04-25T07:22:31+00:00,3.12.12,Linux-6.6.113+-x86_64-with-glibc2.35,8093
0.7180156657963447,0.13197367199369042,0.2819270565446364,1.0,0.9399477806788512,0.0,0.7425925925925926,0.034465534465534464,0.5133359432220459,0.8981723237597912,0.0,0.7567829457364341,0.05844155844155844,0.4428064227104187,0.8120104438642297,0.0,0.7909967845659164,0.10789210789210789,0.31652405858039856,zheng68k,zheng68k_scfoundation_all_t4_ce.npy,open_set_holdout_CD56plus_NK_seed4.npz,CD56+ NK,mlp_maxprob,mlp,4019,574,2002,1149,853,5.029013923999855,4,42,92.06487253700016,581.50390625,2026-04-25T07:20:59+00:00,2026-04-25T07:22:31+00:00,3.12.12,Linux-6.6.113+-x86_64-with-glibc2.35,8093
0.5970409051348999,0.8831136101834818,0.7719214564157189,0.3411662315056571,0.9373368146214099,0.44431418522860494,0.6128133704735376,0.22527472527472528,0.6702802181243896,0.8946910356832027,0.5885111371629543,0.6138132295719845,0.3111888111888112,0.6028358340263367,0.7815491731940818,0.8640093786635404,0.6102449888641426,0.4935064935064935,0.5213762521743774,zheng68k,zheng68k_scfoundation_all_t4_ce.npy,open_set_holdout_CD56plus_NK_seed0.npz,CD56+ NK,proto_1_minus_max_cosine,prototype,4019,574,2002,1149,853,0.26452701600010187,0,42,92.06476057700002,581.50390625,2026-04-25T07:20:59+00:00,2026-04-25T07:22:31+00:00,3.12.12,Linux-6.6.113+-x86_64-with-glibc2.35,8093
0.6092254134029591,0.8981590597665334,0.8113299083042278,0.3237597911227154,0.9704090513489991,0.35990621336459555,0.6206278026905829,0.17032967032967034,0.6965769529342651,0.9155787641427328,0.5967174677608441,0.629277566539924,0.3026973026973027,0.6049258708953857,0.8076588337684943,0.854630715123095,0.6314655172413793,0.4745254745254745,0.5280092358589172,zheng68k,zheng68k_scfoundation_all_t4_ce.npy,open_set_holdout_CD56plus_NK_seed1.npz,CD56+ NK,proto_1_minus_max_cosine,prototype,4019,574,2002,1149,853,0.26393835399994714,1,42,92.06478890900007,581.50390625,2026-04-25T07:20:59+00:00,2026-04-25T07:22:31+00:00,3.12.12,Linux-6.6.113+-x86_64-with-glibc2.35,8093
0.6170583115752829,0.8843247147986373,0.7780576962638467,0.350739773716275,0.9451697127937336,0.4794841735052755,0.6307550644567219,0.23576423576423577,0.6519008874893188,0.8781549173194082,0.6412661195779601,0.6362735381565907,0.34315684315684314,0.5839019417762756,0.7850304612706701,0.8440797186400938,0.6430155210643016,0.48301698301698304,0.5253234505653381,zheng68k,zheng68k_scfoundation_all_t4_ce.npy,open_set_holdout_CD56plus_NK_seed2.npz,CD56+ NK,proto_1_minus_max_cosine,prototype,4019,574,2002,1149,853,0.26211923300002127,2,42,92.06482372699998,581.50390625,2026-04-25T07:20:59+00:00,2026-04-25T07:22:31+00:00,3.12.12,Linux-6.6.113+-x86_64-with-glibc2.35,8093
0.6013925152306353,0.8841777905656276,0.7728279337343007,0.3472584856396867,0.9512619669277633,0.3950762016412661,0.6120768526989936,0.1963036963036963,0.6822190284729004,0.9120974760661444,0.5791324736225087,0.6106870229007634,0.2972027972027972,0.6048302054405212,0.7824194952132288,0.8417350527549824,0.6140155728587319,0.4835164835164835,0.5240628719329834,zheng68k,zheng68k_scfoundation_all_t4_ce.npy,open_set_holdout_CD56plus_NK_seed3.npz,CD56+ NK,proto_1_minus_max_cosine,prototype,4019,574,2002,1149,853,0.2664706570001272,3,42,92.0648529770001,581.50390625,2026-04-25T07:20:59+00:00,2026-04-25T07:22:31+00:00,3.12.12,Linux-6.6.113+-x86_64-with-glibc2.35,8093
0.6161879895561357,0.8897129569828293,0.7926608100232657,0.32724107919930373,0.9756309834638817,0.2309495896834701,0.6208742194469223,0.11238761238761238,0.7157521843910217,0.9147084421235857,0.5392731535756154,0.6232159847764034,0.2787212787212787,0.619942307472229,0.8494342906875544,0.7432590855803048,0.625,0.4030969030969031,0.5539637804031372,zheng68k,zheng68k_scfoundation_all_t4_ce.npy,open_set_holdout_CD56plus_NK_seed4.npz,CD56+ NK,proto_1_minus_max_cosine,prototype,4019,574,2002,1149,853,0.2613086519997978,4,42,92.06488341900013,581.50390625,2026-04-25T07:20:59+00:00,2026-04-25T07:22:31+00:00,3.12.12,Linux-6.6.113+-x86_64-with-glibc2.35,8093
0.5970409051348999,0.6779854442978603,0.5961801634257012,0.6875543951261966,0.939077458659704,0.16881594372801875,0.6107506950880445,0.1068931068931069,0.8444015097052481,0.8912097476066144,0.16881594372801875,0.623046875,0.13436563436563437,0.7688679245283019,0.7893820713664056,0.18757327080890973,0.6538037486218302,0.2007992007992008,0.6602620087336244,zheng68k,zheng68k_scfoundation_all_t4_ce.npy,open_set_holdout_CD56plus_NK_seed0.npz,CD56+ NK,proto_class_tail_quantile,prototype,4019,574,2002,1149,853,0.26452701600010187,0,42,92.06477007300009,581.50390625,2026-04-25T07:20:59+00:00,2026-04-25T07:22:31+00:00,3.12.12,Linux-6.6.113+-x86_64-with-glibc2.35,8093
0.6092254134029591,0.6924467680239813,0.594859125489353,0.6657963446475196,0.9564838990426457,0.1336459554513482,0.626933575978162,0.08191808191808192,0.8457943925233645,0.9077458659704091,0.1477139507620164,0.6414189837008629,0.11588411588411589,0.7876300476106507,0.8268059181897301,0.15123094958968347,0.6652631578947369,0.16383616383616384,0.6716157205240174,zheng68k,zheng68k_scfoundation_all_t4_ce.npy,open_set_holdout_CD56plus_NK_seed1.npz,CD56+ NK,proto_class_tail_quantile,prototype,4019,574,2002,1149,853,0.26393835399994714,1,42,92.0647983660001,581.50390625,2026-04-25T07:20:59+00:00,2026-04-25T07:22:31+00:00,3.12.12,Linux-6.6.113+-x86_64-with-glibc2.35,8093
0.6170583115752829,0.673121129847352,0.6070803010196132,0.6753698868581375,0.9242819843342036,0.20164126611957797,0.6384180790960452,0.12937062937062938,0.8308823529411764,0.8781549173194082,0.20164126611957797,0.6560951437066402,0.15584415584415584,0.767873303167421,0.7702349869451697,0.20867526377491208,0.6892655367231638,0.22077922077922077,0.6616206859244834,zheng68k,zheng68k_scfoundation_all_t4_ce.npy,open_set_holdout_CD56plus_NK_seed2.npz,CD56+ NK,proto_class_tail_quantile,prototype,4019,574,2002,1149,853,0.26211923300002127,2,42,92.0648332180001,581.50390625,2026-04-25T07:20:59+00:00,2026-04-25T07:22:31+00:00,3.12.12,Linux-6.6.113+-x86_64-with-glibc2.35,8093
0.6013925152306353,0.6918248908016247,0.6172580854128003,0.6849434290687555,0.9608355091383812,0.18053927315357562,0.6141304347826086,0.09940059940059941,0.8537989840348331,0.9208006962576153,0.18053927315357562,0.6275992438563327,0.12237762237762238,0.8003309798800148,0.824194952132289,0.18053927315357562,0.6578669482576558,0.17782217782217782,0.676923076923077,zheng68k,zheng68k_scfoundation_all_t4_ce.npy,open_set_holdout_CD56plus_NK_seed3.npz,CD56+ NK,proto_class_tail_quantile,prototype,4019,574,2002,1149,853,0.2664706570001272,3,42,92.06486274000008,581.50390625,2026-04-25T07:20:59+00:00,2026-04-25T07:22:31+00:00,3.12.12,Linux-6.6.113+-x86_64-with-glibc2.35,8093
0.6161879895561357,0.6879798632176203,0.5981986516684192,0.6562228024369017,0.9651871192341166,0.14536928487690504,0.6239855725879171,0.08191808191808192,0.856491291727141,0.938207136640557,0.15474794841735054,0.6317254174397031,0.10139860139860139,0.8123144104803495,0.8433420365535248,0.15474794841735054,0.6573787409700722,0.15584415584415584,0.6925483639837593,zheng68k,zheng68k_scfoundation_all_t4_ce.npy,open_set_holdout_CD56plus_NK_seed4.npz,CD56+ NK,proto_class_tail_quantile,prototype,4019,574,2002,1149,853,0.2613086519997978,4,42,92.06489324400013,581.50390625,2026-04-25T07:20:59+00:00,2026-04-25T07:22:31+00:00,3.12.12,Linux-6.6.113+-x86_64-with-glibc2.35,8093
0.5970409051348999,0.6612957697044273,0.5934095266674683,0.7293298520452568,0.9364664926022629,0.16881594372801875,0.6133828996282528,0.10839160839160839,0.9279310703277588,0.8903394255874674,0.16881594372801875,0.6236559139784946,0.13486513486513488,0.5071101784706116,0.7719756309834639,0.3364595545134818,0.6617812852311161,0.2742257742257742,0.056153684854507446,zheng68k,zheng68k_scfoundation_all_t4_ce.npy,open_set_holdout_CD56plus_NK_seed0.npz,CD56+ NK,proto_class_z,prototype,4019,574,2002,1149,853,0.26452701600010187,0,42,92.06476677499995,581.50390625,2026-04-25T07:20:59+00:00,2026-04-25T07:22:31+00:00,3.12.12,Linux-6.6.113+-x86_64-with-glibc2.35,8093
0.6092254134029591,0.683833334863794,0.5921962593365093,0.7110530896431679,0.9556135770234987,0.1336459554513482,0.6275045537340619,0.08241758241758242,0.964370846748352,0.906875543951262,0.14419695193434937,0.6420345489443378,0.11488511488511488,0.5370211005210876,0.814621409921671,0.3071512309495897,0.6655982905982906,0.23726273726273725,0.10645987838506699,zheng68k,zheng68k_scfoundation_all_t4_ce.npy,open_set_holdout_CD56plus_NK_seed1.npz,CD56+ NK,proto_class_z,prototype,4019,574,2002,1149,853,0.26393835399994714,1,42,92.06479531000014,581.50390625,2026-04-25T07:20:59+00:00,2026-04-25T07:22:31+00:00,3.12.12,Linux-6.6.113+-x86_64-with-glibc2.35,8093
0.6170583115752829,0.6693133434751867,0.6090479701981248,0.7136640557006092,0.9408181026979983,0.20164126611957797,0.6308973172987974,0.11988011988011989,0.8101694583892822,0.8729329852045257,0.20398593200468934,0.6560319042871385,0.15984015984015984,0.43078652024269104,0.7650130548302873,0.347010550996483,0.6848691695108078,0.2827172827172827,0.0515766479074955,zheng68k,zheng68k_scfoundation_all_t4_ce.npy,open_set_holdout_CD56plus_NK_seed2.npz,CD56+ NK,proto_class_z,prototype,4019,574,2002,1149,853,0.26211923300002127,2,42,92.06483018000017,581.50390625,2026-04-25T07:20:59+00:00,2026-04-25T07:22:31+00:00,3.12.12,Linux-6.6.113+-x86_64-with-glibc2.35,8093
0.6013925152306353,0.6755188517054944,0.6133238896312094,0.72236727589208,0.9556135770234987,0.18053927315357562,0.6183970856102003,0.1023976023976024,0.9177782535552979,0.9234116623150566,0.18053927315357562,0.6239396795475967,0.12087912087912088,0.5884692668914795,0.8189730200174065,0.2532239155920281,0.6546227417640808,0.21178821178821178,0.13314783573150635,zheng68k,zheng68k_scfoundation_all_t4_ce.npy,open_set_holdout_CD56plus_NK_seed3.npz,CD56+ NK,proto_class_z,prototype,4019,574,2002,1149,853,0.2664706570001272,3,42,92.06485949700004,581.50390625,2026-04-25T07:20:59+00:00,2026-04-25T07:22:31+00:00,3.12.12,Linux-6.6.113+-x86_64-with-glibc2.35,8093
0.6161879895561357,0.6760932846442751,0.5994111813102088,0.7075718015665796,0.9669277632724108,0.1488862837045721,0.6273627362736274,0.08241758241758242,0.9732128381729126,0.9355961705831157,0.15123094958968347,0.627906976744186,0.10139860139860139,0.6504124402999878,0.8598781549173194,0.18522860492379836,0.6467611336032388,0.15934065934065933,0.20090453326702118,zheng68k,zheng68k_scfoundation_all_t4_ce.npy,open_set_holdout_CD56plus_NK_seed4.npz,CD56+ NK,proto_class_z,prototype,4019,574,2002,1149,853,0.2613086519997978,4,42,92.06488993100015,581.50390625,2026-04-25T07:20:59+00:00,2026-04-25T07:22:31+00:00,3.12.12,Linux-6.6.113+-x86_64-with-glibc2.35,8093
0.5970409051348999,0.525959165266295,0.4490364051557294,0.8642297650130548,0.9564838990426457,0.04572098475967175,0.6005459508644222,0.044455544455544456,-0.007907907478511333,0.897302001740644,0.13599062133645956,0.6178467507274491,0.11688311688311688,-0.021893583238124847,0.7841601392515231,0.26260257913247365,0.6570477247502775,0.23576423576423577,-0.04840819910168648,zheng68k,zheng68k_scfoundation_all_t4_ce.npy,open_set_holdout_CD56plus_NK_seed0.npz,CD56+ NK,proto_margin,prototype,4019,574,2002,1149,853,0.26452701600010187,0,42,92.06476361299997,581.50390625,2026-04-25T07:20:59+00:00,2026-04-25T07:22:31+00:00,3.12.12,Linux-6.6.113+-x86_64-with-glibc2.35,8093
0.6092254134029591,0.5270172238053988,0.4504980218245001,0.8616187989556136,0.939077458659704,0.07502930832356389,0.6283595922150139,0.06693306693306693,-0.013402000069618225,0.8885987815491732,0.1336459554513482,0.6454456415279138,0.12087912087912088,-0.025675373151898384,0.7946040034812881,0.23798358733880423,0.687842278203724,0.2192807192807193,-0.04842815548181534,zheng68k,zheng68k_scfoundation_all_t4_ce.npy,open_set_holdout_CD56plus_NK_seed1.npz,CD56+ NK,proto_margin,prototype,4019,574,2002,1149,853,0.26393835399994714,1,42,92.06479213700004,581.50390625,2026-04-25T07:20:59+00:00,2026-04-25T07:22:31+00:00,3.12.12,Linux-6.6.113+-x86_64-with-glibc2.35,8093
0.6170583115752829,0.556338301208962,0.5007964824148119,0.8511749347258486,0.9469103568320278,0.11254396248534584,0.6369485294117647,0.07842157842157842,-0.014299051836133003,0.9025239338555265,0.19460726846424384,0.6518804243008679,0.13886113886113885,-0.02823791094124317,0.8181026979982594,0.2977725674091442,0.6829787234042554,0.23126873126873126,-0.04727702587842941,zheng68k,zheng68k_scfoundation_all_t4_ce.npy,open_set_holdout_CD56plus_NK_seed2.npz,CD56+ NK,proto_margin,prototype,4019,574,2002,1149,853,0.26211923300002127,2,42,92.06482677200006,581.50390625,2026-04-25T07:20:59+00:00,2026-04-25T07:22:31+00:00,3.12.12,Linux-6.6.113+-x86_64-with-glibc2.35,8093
0.6013925152306353,0.5344032274356517,0.4735876201822516,0.8520452567449956,0.9669277632724108,0.0668229777256741,0.6111611161116112,0.047452547452547456,-0.00988826248794794,0.9190600522193212,0.1477139507620164,0.6287878787878788,0.10939060939060939,-0.022105170413851738,0.783289817232376,0.2801875732708089,0.6722222222222223,0.24375624375624375,-0.051492370665073395,zheng68k,zheng68k_scfoundation_all_t4_ce.npy,open_set_holdout_CD56plus_NK_seed3.npz,CD56+ NK,proto_margin,prototype,4019,574,2002,1149,853,0.2664706570001272,3,42,92.06485606399997,581.50390625,2026-04-25T07:20:59+00:00,2026-04-25T07:22:31+00:00,3.12.12,Linux-6.6.113+-x86_64-with-glibc2.35,8093
0.6161879895561357,0.5329890816929345,0.45712787413360123,0.8633594429939078,0.9338555265448216,0.08675263774912075,0.6356011183597391,0.07492507492507493,-0.013099162839353085,0.8851174934725848,0.15240328253223914,0.6509341199606686,0.13086913086913088,-0.02583872713148594,0.814621409921671,0.2637749120750293,0.6762820512820513,0.21878121878121878,-0.047825511544942856,zheng68k,zheng68k_scfoundation_all_t4_ce.npy,open_set_holdout_CD56plus_NK_seed4.npz,CD56+ NK,proto_margin,prototype,4019,574,2002,1149,853,0.2613086519997978,4,42,92.06488666900009,581.50390625,2026-04-25T07:20:59+00:00,2026-04-25T07:22:31+00:00,3.12.12,Linux-6.6.113+-x86_64-with-glibc2.35,8093
0.7041373926619828,0.513866422012442,0.22510495244880926,0.9976580796252927,0.9539422326307572,0.24742268041237114,0.707037643207856,0.07254237288135593,0.3922923505306244,0.9055425448868072,0.36082474226804123,0.7146551724137931,0.12949152542372883,0.36424803733825684,0.7853239656518345,0.4381443298969072,0.7375745526838966,0.2440677966101695,0.3266774117946625,zheng68k,zheng68k_scfoundation_all_t4_ce.npy,open_set_holdout_Dendritic_seed0.npz,Dendritic,knn_cosine_mean_distance_k10,knn,4480,640,1475,1281,194,0.47101843799987364,0,42,92.06493068200007,581.50390625,2026-04-25T07:20:59+00:00,2026-04-25T07:22:31+00:00,3.12.12,Linux-6.6.113+-x86_64-with-glibc2.35,8093
0.6854020296643247,0.5173591829836548,0.2906883204002105,0.9968774395003903,0.9523809523809523,0.24742268041237114,0.6918032786885245,0.07389830508474576,0.3962024748325348,0.9102263856362217,0.3556701030927835,0.6963979416809606,0.12474576271186441,0.36689093708992004,0.7962529274004684,0.42783505154639173,0.7156862745098039,0.23322033898305083,0.32811903953552246,zheng68k,zheng68k_scfoundation_all_t4_ce.npy,open_set_holdout_Dendritic_seed1.npz,Dendritic,knn_cosine_mean_distance_k10,knn,4480,640,1475,1281,194,0.47278759299979356,1,42,92.06496181600005,581.50390625,2026-04-25T07:20:59+00:00,2026-04-25T07:22:31+00:00,3.12.12,Linux-6.6.113+-x86_64-with-glibc2.35,8093
0.6846213895394223,0.49455161479836146,0.17278143437485163,0.9992193598750976,0.9516003122560499,0.10309278350515463,0.6948318293683347,0.05559322033898305,0.3965831696987152,0.9149102263856362,0.20103092783505155,0.6996587030716723,0.10033898305084746,0.3714292049407959,0.8274785323965652,0.3865979381443299,0.7122641509433962,0.20067796610169492,0.3367932438850403,zheng68k,zheng68k_scfoundation_all_t4_ce.npy,open_set_holdout_Dendritic_seed2.npz,Dendritic,knn_cosine_mean_distance_k10,knn,4480,640,1475,1281,194,0.47136441199995716,2,42,92.06499178500007,581.50390625,2026-04-25T07:20:59+00:00,2026-04-25T07:22:31+00:00,3.12.12,Linux-6.6.113+-x86_64-with-glibc2.35,8093
0.672911787665886,0.5368872578607241,0.30153613752425623,0.9968774395003903,0.9578454332552693,0.35051546391752575,0.6772616136919315,0.08271186440677966,0.39008915424346924,0.8946135831381733,0.4329896907216495,0.6902268760907504,0.14847457627118643,0.35718974471092224,0.7837626854020296,0.4742268041237113,0.7061752988047809,0.2501694915254237,0.3229086101055145,zheng68k,zheng68k_scfoundation_all_t4_ce.npy,open_set_holdout_Dendritic_seed3.npz,Dendritic,knn_cosine_mean_distance_k10,knn,4480,640,1475,1281,194,0.4713460359998862,3,42,92.06502124600001,581.50390625,2026-04-25T07:20:59+00:00,2026-04-25T07:22:31+00:00,3.12.12,Linux-6.6.113+-x86_64-with-glibc2.35,8093
0.7064793130366901,0.5217814690520454,0.2375801452852143,0.9976580796252927,0.955503512880562,0.26288659793814434,0.7124183006535948,0.07322033898305084,0.3993563652038574,0.8946135831381733,0.37628865979381443,0.7198952879581152,0.14101694915254237,0.36516037583351135,0.8024980483996877,0.4587628865979381,0.7315175097276264,0.23186440677966103,0.33171170949935913,zheng68k,zheng68k_scfoundation_all_t4_ce.npy,open_set_holdout_Dendritic_seed4.npz,Dendritic,knn_cosine_mean_distance_k10,knn,4480,640,1475,1281,194,0.4820612370001527,4,42,92.06504906000009,581.50390625,2026-04-25T07:20:59+00:00,2026-04-25T07:22:31+00:00,3.12.12,Linux-6.6.113+-x86_64-with-glibc2.35,8093
0.6143637782982045,0.8041760222764109,0.5996193223743956,0.8633879781420765,0.970335675253708,0.5360824742268041,0.6242960579243765,0.09627118644067796,1.717684268951416,0.9149102263856362,0.6185567010309279,0.6271331058020477,0.1552542372881356,1.3357046842575073,0.7985948477751756,0.6804123711340206,0.635386119257087,0.26440677966101694,1.0601996183395386,zheng68k,zheng68k_scfoundation_all_t4_ce.npy,open_set_holdout_Dendritic_seed0.npz,Dendritic,mahalanobis_diag_min,mahalanobis,4480,640,1475,1281,194,0.36015842199981307,0,42,92.06492724400005,581.50390625,2026-04-25T07:20:59+00:00,2026-04-25T07:22:31+00:00,3.12.12,Linux-6.6.113+-x86_64-with-glibc2.35,8093
0.6533957845433255,0.7953918089121738,0.6329037244526697,0.9078844652615145,0.9562841530054644,0.5721649484536082,0.6522448979591837,0.11322033898305085,1.674472451210022,0.907103825136612,0.6288659793814433,0.6480206540447504,0.16338983050847458,1.3614046573638916,0.7704918032786885,0.6958762886597938,0.6372847011144883,0.29084745762711867,1.0739418268203735,zheng68k,zheng68k_scfoundation_all_t4_ce.npy,open_set_holdout_Dendritic_seed1.npz,Dendritic,mahalanobis_diag_min,mahalanobis,4480,640,1475,1281,194,0.34881254200013245,1,42,92.0649583930001,581.50390625,2026-04-25T07:20:59+00:00,2026-04-25T07:22:31+00:00,3.12.12,Linux-6.6.113+-x86_64-with-glibc2.35,8093
0.6237314597970336,0.7809982536195144,0.5672299033968242,0.9063231850117096,0.9414519906323185,0.5876288659793815,0.6235489220563848,0.128135593220339,1.5424498319625854,0.8797814207650273,0.6443298969072165,0.6291038154392191,0.18915254237288134,1.2694090604782104,0.8040593286494926,0.6907216494845361,0.6320388349514563,0.26101694915254237,1.0732349157333374,zheng68k,zheng68k_scfoundation_all_t4_ce.npy,open_set_holdout_Dendritic_seed2.npz,Dendritic,mahalanobis_diag_min,mahalanobis,4480,640,1475,1281,194,0.36023864399999184,2,42,92.06498837799995,581.50390625,2026-04-25T07:20:59+00:00,2026-04-25T07:22:31+00:00,3.12.12,Linux-6.6.113+-x86_64-with-glibc2.35,8093
0.5940671350507416,0.7937983373170123,0.5772611320310105,0.8555815768930523,0.9601873536299765,0.5515463917525774,0.6024390243902439,0.10711864406779661,1.657649040222168,0.9016393442622951,0.6134020618556701,0.6034632034632035,0.16610169491525423,1.3524858951568604,0.7837626854020296,0.6855670103092784,0.6045816733067729,0.27796610169491526,1.0813448429107666,zheng68k,zheng68k_scfoundation_all_t4_ce.npy,open_set_holdout_Dendritic_seed3.npz,Dendritic,mahalanobis_diag_min,mahalanobis,4480,640,1475,1281,194,0.3610201940000479,3,42,92.0650184000001,581.50390625,2026-04-25T07:20:59+00:00,2026-04-25T07:22:31+00:00,3.12.12,Linux-6.6.113+-x86_64-with-glibc2.35,8093
0.6323185011709602,0.7940558680798666,0.548251514006442,0.8704137392661982,0.9461358313817331,0.5670103092783505,0.6328382838283828,0.12135593220338983,1.5800741910934448,0.9063231850117096,0.6237113402061856,0.6313522825150732,0.16338983050847458,1.3201043605804443,0.8009367681498829,0.6855670103092784,0.6325536062378168,0.26305084745762713,1.0770680904388428,zheng68k,zheng68k_scfoundation_all_t4_ce.npy,open_set_holdout_Dendritic_seed4.npz,Dendritic,mahalanobis_diag_min,mahalanobis,4480,640,1475,1281,194,0.36938546999999744,4,42,92.06504622000011,581.50390625,2026-04-25T07:20:59+00:00,2026-04-25T07:22:31+00:00,3.12.12,Linux-6.6.113+-x86_64-with-glibc2.35,8093
0.7127244340359095,0.3326854825080277,0.09170358881361641,0.9047619047619048,0.9500390320062451,0.005154639175257732,0.733771569433032,0.04406779661016949,0.5881649513811371,0.9008587041373927,0.010309278350515464,0.7512998266897747,0.08745762711864406,0.530325858893776,0.7915690866510539,0.041237113402061855,0.7958579881656804,0.1864406779661017,0.4340198835512946,zheng68k,zheng68k_scfoundation_all_t4_ce.npy,open_set_holdout_Dendritic_seed0.npz,Dendritic,mlp_entropy,mlp,4480,640,1475,1281,194,4.866734924999946,0,42,92.06490704500015,581.50390625,2026-04-25T07:20:59+00:00,2026-04-25T07:22:31+00:00,3.12.12,Linux-6.6.113+-x86_64-with-glibc2.35,8093
0.7189695550351288,0.24737036947616634,0.0833892715821144,0.8899297423887588,0.9469164715066355,0.015463917525773196,0.7419620774938169,0.04813559322033898,0.6123405716495505,0.9063231850117096,0.020618556701030927,0.7571059431524548,0.0840677966101695,0.5721508067552264,0.810304449648712,0.020618556701030927,0.7957610789980732,0.16745762711864406,0.495377994818817,zheng68k,zheng68k_scfoundation_all_t4_ce.npy,open_set_holdout_Dendritic_seed1.npz,Dendritic,mlp_entropy,mlp,4480,640,1475,1281,194,4.365604398999949,1,42,92.06493786500005,581.50390625,2026-04-25T07:20:59+00:00,2026-04-25T07:22:31+00:00,3.12.12,Linux-6.6.113+-x86_64-with-glibc2.35,8093
0.7080405932864949,0.5709376534118802,0.16725447598370696,0.8064012490241999,0.9570647931303669,0.0979381443298969,0.7259380097879282,0.05016949152542373,0.43934503882197606,0.9032006245120999,0.15463917525773196,0.749351771823682,0.10440677966101695,0.35173435956072846,0.8243559718969555,0.26288659793814434,0.7736742424242424,0.1871186440677966,0.26794977396745573,zheng68k,zheng68k_scfoundation_all_t4_ce.npy,open_set_holdout_Dendritic_seed2.npz,Dendritic,mlp_entropy,mlp,4480,640,1475,1281,194,7.822663567000063,2,42,92.064968744,581.50390625,2026-04-25T07:20:59+00:00,2026-04-25T07:22:31+00:00,3.12.12,Linux-6.6.113+-x86_64-with-glibc2.35,8093
0.7064793130366901,0.2653975228759748,0.08407453328645038,0.975800156128025,0.960967993754879,0.005154639175257732,0.7205523964256701,0.03457627118644068,0.6203530864873454,0.9258391881342701,0.005154639175257732,0.7318718381112985,0.06508474576271187,0.5900103387654236,0.8149882903981265,0.010309278350515464,0.7739463601532567,0.16203389830508474,0.5157397214761255,zheng68k,zheng68k_scfoundation_all_t4_ce.npy,open_set_holdout_Dendritic_seed3.npz,Dendritic,mlp_entropy,mlp,4480,640,1475,1281,194,3.9492503220001254,3,42,92.06499840400011,581.50390625,2026-04-25T07:20:59+00:00,2026-04-25T07:22:31+00:00,3.12.12,Linux-6.6.113+-x86_64-with-glibc2.35,8093
0.7275565964090555,0.327490604151074,0.09519492682572551,0.9476971116315379,0.9539422326307572,0.010309278350515464,0.7479541734860884,0.04135593220338983,0.5772549994003134,0.9117876658860266,0.02577319587628866,0.7636986301369864,0.08,0.5391312195237171,0.834504293520687,0.0979381443298969,0.7913938260056127,0.15661016949152542,0.46903606069665477,zheng68k,zheng68k_scfoundation_all_t4_ce.npy,open_set_holdout_Dendritic_seed4.npz,Dendritic,mlp_entropy,mlp,4480,640,1475,1281,194,3.930568147000031,4,42,92.06502773900002,581.50390625,2026-04-25T07:20:59+00:00,2026-04-25T07:22:31+00:00,3.12.12,Linux-6.6.113+-x86_64-with-glibc2.35,8093
0.7127244340359095,0.32697151870719554,0.091832074959627,0.9032006245120999,0.970335675253708,0.010309278350515464,0.7264682220434433,0.02711864406779661,-0.05881815776228905,0.912568306010929,0.02577319587628866,0.7536355859709153,0.07932203389830508,-0.1179049089550972,0.8071818891491023,0.041237113402061855,0.7911025145067698,0.17288135593220338,-0.2911858856678009,zheng68k,zheng68k_scfoundation_all_t4_ce.npy,open_set_holdout_Dendritic_seed0.npz,Dendritic,mlp_margin,mlp,4480,640,1475,1281,194,4.866734924999946,0,42,92.06491019999999,581.50390625,2026-04-25T07:20:59+00:00,2026-04-25T07:22:31+00:00,3.12.12,Linux-6.6.113+-x86_64-with-glibc2.35,8093
0.7189695550351288,0.24396814666376945,0.08287551019677623,0.8938329430132709,0.936768149882904,0.005154639175257732,0.7416666666666667,0.05559322033898305,-0.07263676822185516,0.9078844652615145,0.010309278350515464,0.7549441100601891,0.08135593220338982,-0.11537297070026398,0.8095238095238095,0.02577319587628866,0.7974927675988428,0.1688135593220339,-0.22981765866279602,zheng68k,zheng68k_scfoundation_all_t4_ce.npy,open_set_holdout_Dendritic_seed1.npz,Dendritic,mlp_margin,mlp,4480,640,1475,1281,194,4.365604398999949,1,42,92.06494118299997,581.50390625,2026-04-25T07:20:59+00:00,2026-04-25T07:22:31+00:00,3.12.12,Linux-6.6.113+-x86_64-with-glibc2.35,8093
0.7080405932864949,0.5662860040078226,0.16733466893037746,0.804839968774395,0.9484777517564403,0.07216494845360824,0.7283950617283951,0.05423728813559322,-0.14589041471481323,0.9133489461358314,0.16494845360824742,0.747008547008547,0.09694915254237288,-0.2835536003112793,0.7978142076502732,0.26288659793814434,0.7837573385518591,0.21016949152542372,-0.6215863823890686,zheng68k,zheng68k_scfoundation_all_t4_ce.npy,open_set_holdout_Dendritic_seed2.npz,Dendritic,mlp_margin,mlp,4480,640,1475,1281,194,7.822663567000063,2,42,92.06497188900016,581.50390625,2026-04-25T07:20:59+00:00,2026-04-25T07:22:31+00:00,3.12.12,Linux-6.6.113+-x86_64-with-glibc2.35,8093
0.7064793130366901,0.27451169753011906,0.08675061254814567,0.9765807962529274,0.9445745511319282,0.010309278350515464,0.7297520661157024,0.04949152542372881,-0.06330785155296326,0.9078844652615145,0.02577319587628866,0.7429062768701634,0.08338983050847458,-0.1176891177892685,0.7720530835284933,0.0979381443298969,0.7987866531850354,0.21084745762711865,-0.2773110568523407,zheng68k,zheng68k_scfoundation_all_t4_ce.npy,open_set_holdout_Dendritic_seed3.npz,Dendritic,mlp_margin,mlp,4480,640,1475,1281,194,3.9492503220001254,3,42,92.06500177300018,581.50390625,2026-04-25T07:20:59+00:00,2026-04-25T07:22:31+00:00,3.12.12,Linux-6.6.113+-x86_64-with-glibc2.35,8093
0.7275565964090555,0.33583822239390937,0.11059661274005808,0.9484777517564403,0.9453551912568307,0.05670103092783505,0.749793559042114,0.05491525423728814,-0.10904017090797424,0.9047619047619048,0.08762886597938144,0.7635893011216566,0.09423728813559322,-0.18916648626327515,0.819672131147541,0.12371134020618557,0.7914285714285715,0.17288135593220338,-0.32153576612472534,zheng68k,zheng68k_scfoundation_all_t4_ce.npy,open_set_holdout_Dendritic_seed4.npz,Dendritic,mlp_margin,mlp,4480,640,1475,1281,194,3.930568147000031,4,42,92.06503058199996,581.50390625,2026-04-25T07:20:59+00:00,2026-04-25T07:22:31+00:00,3.12.12,Linux-6.6.113+-x86_64-with-glibc2.35,8093
0.7127244340359095,0.3277541707911828,0.09207924046786539,0.9047619047619048,0.9547228727556596,0.005154639175257732,0.7334423548650858,0.04,0.5854549407958984,0.9000780640124902,0.020618556701030927,0.7554206418039896,0.08949152542372882,0.5105781555175781,0.8142076502732241,0.04639175257731959,0.7938638542665388,0.16745762711864406,0.43409186601638794,zheng68k,zheng68k_scfoundation_all_t4_ce.npy,open_set_holdout_Dendritic_seed0.npz,Dendritic,mlp_maxprob,mlp,4480,640,1475,1281,194,4.866734924999946,0,42,92.06490331100008,581.50390625,2026-04-25T07:20:59+00:00,2026-04-25T07:22:31+00:00,3.12.12,Linux-6.6.113+-x86_64-with-glibc2.35,8093
0.7189695550351288,0.24469848781155187,0.08305466976246563,0.8907103825136612,0.955503512880562,0.005154639175257732,0.7393790849673203,0.03932203389830508,0.6090238094329834,0.8938329430132709,0.020618556701030927,0.7703056768558952,0.09491525423728814,0.5347931385040283,0.8087431693989071,0.020618556701030927,0.7953667953667953,0.1688135593220339,0.4616455137729645,zheng68k,zheng68k_scfoundation_all_t4_ce.npy,open_set_holdout_Dendritic_seed1.npz,Dendritic,mlp_maxprob,mlp,4480,640,1475,1281,194,4.365604398999949,1,42,92.06493446400009,581.50390625,2026-04-25T07:20:59+00:00,2026-04-25T07:22:31+00:00,3.12.12,Linux-6.6.113+-x86_64-with-glibc2.35,8093
0.7080405932864949,0.5689458139179282,0.1728820314010518,0.8064012490241999,0.9492583918813428,0.0979381443298969,0.7310855263157895,0.05694915254237288,0.48381564021110535,0.9188134270101483,0.15979381443298968,0.7425658453695837,0.09152542372881356,0.3927685022354126,0.8087431693989071,0.24742268041237114,0.7828185328185329,0.19864406779661017,0.2180326282978058,zheng68k,zheng68k_scfoundation_all_t4_ce.npy,open_set_holdout_Dendritic_seed2.npz,Dendritic,mlp_maxprob,mlp,4480,640,1475,1281,194,7.822663567000063,2,42,92.064965368,581.50390625,2026-04-25T07:20:59+00:00,2026-04-25T07:22:31+00:00,3.12.12,Linux-6.6.113+-x86_64-with-glibc2.35,8093
0.7064793130366901,0.2684295452167685,0.08445740670065056,0.9875097580015613,0.9625292740046838,0.0,0.7210056772100568,0.03254237288135593,0.6111264824867249,0.9234972677595629,0.005154639175257732,0.7345731191885038,0.0671186440677966,0.5636103749275208,0.7931303669008587,0.04639175257731959,0.7923228346456693,0.1857627118644068,0.4542032480239868,zheng68k,zheng68k_scfoundation_all_t4_ce.npy,open_set_holdout_Dendritic_seed3.npz,Dendritic,mlp_maxprob,mlp,4480,640,1475,1281,194,3.9492503220001254,3,42,92.06499512899995,581.50390625,2026-04-25T07:20:59+00:00,2026-04-25T07:22:31+00:00,3.12.12,Linux-6.6.113+-x86_64-with-glibc2.35,8093
0.7275565964090555,0.33347618242835414,0.10086665727218193,0.9476971116315379,0.9570647931303669,0.030927835051546393,0.7471451876019576,0.04135593220338983,0.5597354173660278,0.9016393442622951,0.08247422680412371,0.767965367965368,0.09627118644067796,0.4893495440483093,0.8227946916471507,0.15463917525773196,0.7950664136622391,0.17423728813559322,0.4096246361732483,zheng68k,zheng68k_scfoundation_all_t4_ce.npy,open_set_holdout_Dendritic_seed4.npz,Dendritic,mlp_maxprob,mlp,4480,640,1475,1281,194,3.930568147000031,4,42,92.06502449499999,581.50390625,2026-04-25T07:20:59+00:00,2026-04-25T07:22:31+00:00,3.12.12,Linux-6.6.113+-x86_64-with-glibc2.35,8093
0.6284153005464481,0.5116170517556355,0.1466347387880403,0.9687743950039032,0.970335675253708,0.0,0.6363636363636364,0.02576271186440678,0.6726315021514893,0.9156908665105387,0.020618556701030927,0.6436487638533674,0.0759322033898305,0.5842518210411072,0.804839968774395,0.37628865979381443,0.646944713870029,0.21898305084745762,0.4901038110256195,zheng68k,zheng68k_scfoundation_all_t4_ce.npy,open_set_holdout_Dendritic_seed0.npz,Dendritic,proto_1_minus_max_cosine,prototype,4480,640,1475,1281,194,0.2653534619998936,0,42,92.06491383299999,581.50390625,2026-04-25T07:20:59+00:00,2026-04-25T07:22:31+00:00,3.12.12,Linux-6.6.113+-x86_64-with-glibc2.35,8093
0.6190476190476191,0.5228075681852934,0.1673574730748964,0.9859484777517564,0.9414519906323185,0.13917525773195877,0.6252072968490879,0.06915254237288136,0.6340418457984924,0.8992974238875878,0.16494845360824742,0.6223958333333334,0.10915254237288136,0.577928900718689,0.7931303669008587,0.3917525773195876,0.6151574803149606,0.2311864406779661,0.4915757179260254,zheng68k,zheng68k_scfoundation_all_t4_ce.npy,open_set_holdout_Dendritic_seed1.npz,Dendritic,proto_1_minus_max_cosine,prototype,4480,640,1475,1281,194,0.27584029099989493,1,42,92.06494486700012,581.50390625,2026-04-25T07:20:59+00:00,2026-04-25T07:22:31+00:00,3.12.12,Linux-6.6.113+-x86_64-with-glibc2.35,8093
0.6049960967993755,0.5277207722703752,0.15826062403424385,0.9836065573770492,0.9398907103825137,0.005154639175257732,0.617109634551495,0.05288135593220339,0.6110844016075134,0.9063231850117096,0.08247422680412371,0.6175710594315246,0.09220338983050848,0.5720984935760498,0.8181108508977362,0.36082474226804123,0.6173664122137404,0.20542372881355933,0.5012718439102173,zheng68k,zheng68k_scfoundation_all_t4_ce.npy,open_set_holdout_Dendritic_seed2.npz,Dendritic,proto_1_minus_max_cosine,prototype,4480,640,1475,1281,194,0.27454201799992006,2,42,92.06497524600013,581.50390625,2026-04-25T07:20:59+00:00,2026-04-25T07:22:31+00:00,3.12.12,Linux-6.6.113+-x86_64-with-glibc2.35,8093
0.5979703356752537,0.5204938152377734,0.15227183857110893,0.9742388758782201,0.9625292740046838,0.0,0.6009732360097324,0.03254237288135593,0.6537632346153259,0.912568306010929,0.020618556701030927,0.5988023952095808,0.07864406779661016,0.5800783038139343,0.8204527712724434,0.37628865979381443,0.6022835394862036,0.20542372881355933,0.5027284026145935,zheng68k,zheng68k_scfoundation_all_t4_ce.npy,open_set_holdout_Dendritic_seed3.npz,Dendritic,proto_1_minus_max_cosine,prototype,4480,640,1475,1281,194,0.26987024699997164,3,42,92.06500523700015,581.50390625,2026-04-25T07:20:59+00:00,2026-04-25T07:22:31+00:00,3.12.12,Linux-6.6.113+-x86_64-with-glibc2.35,8093
0.6128024980483997,0.5196608641766661,0.15556762911144692,0.9812646370023419,0.9469164715066355,0.0,0.6199505358615004,0.04610169491525424,0.6349348425865173,0.9149102263856362,0.08247422680412371,0.6262798634812287,0.0847457627118644,0.5900775194168091,0.819672131147541,0.36082474226804123,0.6228571428571429,0.2040677966101695,0.502646803855896,zheng68k,zheng68k_scfoundation_all_t4_ce.npy,open_set_holdout_Dendritic_seed4.npz,Dendritic,proto_1_minus_max_cosine,prototype,4480,640,1475,1281,194,0.27537501099982364,4,42,92.06503375300008,581.50390625,2026-04-25T07:20:59+00:00,2026-04-25T07:22:31+00:00,3.12.12,Linux-6.6.113+-x86_64-with-glibc2.35,8093
0.6284153005464481,0.7524042911063361,0.48575055940846057,0.7665886026541764,0.9672131147540983,0.41237113402061853,0.6359967715899919,0.08271186440677966,0.9153846153846154,0.9195940671350508,0.4587628865979381,0.6544991511035654,0.13016949152542373,0.844612079087024,0.8188914910226386,0.5,0.6854146806482364,0.22305084745762713,0.7389023721226219,zheng68k,zheng68k_scfoundation_all_t4_ce.npy,open_set_holdout_Dendritic_seed0.npz,Dendritic,proto_class_tail_quantile,prototype,4480,640,1475,1281,194,0.2653534619998936,0,42,92.06492387200001,581.50390625,2026-04-25T07:20:59+00:00,2026-04-25T07:22:31+00:00,3.12.12,Linux-6.6.113+-x86_64-with-glibc2.35,8093
0.6190476190476191,0.8176159089628754,0.5996017029049233,0.7306791569086651,0.9531615925058547,0.5618556701030928,0.628992628992629,0.11457627118644068,0.8811557788944723,0.9055425448868072,0.6134020618556701,0.6387931034482759,0.16271186440677965,0.8209364579908891,0.8056206088992974,0.6494845360824743,0.6656976744186046,0.2542372881355932,0.7255620167796772,zheng68k,zheng68k_scfoundation_all_t4_ce.npy,open_set_holdout_Dendritic_seed1.npz,Dendritic,proto_class_tail_quantile,prototype,4480,640,1475,1281,194,0.27584029099989493,1,42,92.06495496399998,581.50390625,2026-04-25T07:20:59+00:00,2026-04-25T07:22:31+00:00,3.12.12,Linux-6.6.113+-x86_64-with-glibc2.35,8093
0.6049960967993755,0.7716366079979398,0.49000397106657106,0.7580015612802498,0.9547228727556596,0.42783505154639173,0.6206050695012265,0.09559322033898306,0.8847732250998581,0.8836846213895394,0.520618556701031,0.6404593639575972,0.1694915254237288,0.8256319518826728,0.7939110070257611,0.5721649484536082,0.6597836774827925,0.2542372881355932,0.7216981132075472,zheng68k,zheng68k_scfoundation_all_t4_ce.npy,open_set_holdout_Dendritic_seed2.npz,Dendritic,proto_class_tail_quantile,prototype,4480,640,1475,1281,194,0.27454201799992006,2,42,92.06498541600013,581.50390625,2026-04-25T07:20:59+00:00,2026-04-25T07:22:31+00:00,3.12.12,Linux-6.6.113+-x86_64-with-glibc2.35,8093
0.5979703356752537,0.7684033897486661,0.49894158034369185,0.7439500390320063,0.9547228727556596,0.422680412371134,0.60670482420278,0.09491525423728814,0.8925394692643598,0.9039812646370023,0.4536082474226804,0.6208981001727115,0.1430508474576271,0.8341943843610987,0.7884465261514442,0.5,0.6495049504950495,0.24949152542372882,0.7269264679950627,zheng68k,zheng68k_scfoundation_all_t4_ce.npy,open_set_holdout_Dendritic_seed3.npz,Dendritic,proto_class_tail_quantile,prototype,4480,640,1475,1281,194,0.26987024699997164,3,42,92.06501521100017,581.50390625,2026-04-25T07:20:59+00:00,2026-04-25T07:22:31+00:00,3.12.12,Linux-6.6.113+-x86_64-with-glibc2.35,8093
0.6128024980483997,0.7926052455797259,0.5418047741475578,0.7244340359094458,0.9484777517564403,0.422680412371134,0.6246913580246913,0.10033898305084746,0.8911513169925318,0.9047619047619048,0.5773195876288659,0.6324417601380501,0.15864406779661017,0.8298018139066173,0.7868852459016393,0.6185567010309279,0.6597222222222222,0.2664406779661017,0.7035175879396984,zheng68k,zheng68k_scfoundation_all_t4_ce.npy,open_set_holdout_Dendritic_seed4.npz,Dendritic,proto_class_tail_quantile,prototype,4480,640,1475,1281,194,0.27537501099982364,4,42,92.06504309299999,581.50390625,2026-04-25T07:20:59+00:00,2026-04-25T07:22:31+00:00,3.12.12,Linux-6.6.113+-x86_64-with-glibc2.35,8093
0.6284153005464481,0.7486499754540993,0.44246212057209694,0.8220140515222483,0.9633099141295862,0.3865979381443299,0.6393841166936791,0.08271186440677966,1.5566738843917847,0.9180327868852459,0.4639175257731959,0.6547619047619048,0.13220338983050847,0.8990589380264282,0.8017174082747853,0.5412371134020618,0.6893865628042843,0.24338983050847457,0.30786433815956116,zheng68k,zheng68k_scfoundation_all_t4_ce.npy,open_set_holdout_Dendritic_seed0.npz,Dendritic,proto_class_z,prototype,4480,640,1475,1281,194,0.2653534619998936,0,42,92.06492041499996,581.50390625,2026-04-25T07:20:59+00:00,2026-04-25T07:22:31+00:00,3.12.12,Linux-6.6.113+-x86_64-with-glibc2.35,8093
0.6190476190476191,0.8235350925903571,0.5688318438690873,0.7736143637782982,0.9500390320062451,0.5618556701030928,0.6302382908792111,0.11728813559322034,1.1730728149414062,0.9102263856362217,0.6237113402061856,0.6389365351629502,0.16,0.7353069186210632,0.8118657298985168,0.6855670103092784,0.6605769230769231,0.2535593220338983,0.3015093505382538,zheng68k,zheng68k_scfoundation_all_t4_ce.npy,open_set_holdout_Dendritic_seed1.npz,Dendritic,proto_class_z,prototype,4480,640,1475,1281,194,0.27584029099989493,1,42,92.0649513620001,581.50390625,2026-04-25T07:20:59+00:00,2026-04-25T07:22:31+00:00,3.12.12,Linux-6.6.113+-x86_64-with-glibc2.35,8093
0.6049960967993755,0.7840805749374281,0.49681722408963974,0.8430913348946136,0.9516003122560499,0.42783505154639173,0.6218211648892535,0.09830508474576272,1.2083100080490112,0.8875878220140515,0.4948453608247423,0.6323658751099385,0.16271186440677965,0.6983152031898499,0.790007806401249,0.6391752577319587,0.6561264822134387,0.2664406779661017,0.25648242235183716,zheng68k,zheng68k_scfoundation_all_t4_ce.npy,open_set_holdout_Dendritic_seed2.npz,Dendritic,proto_class_z,prototype,4480,640,1475,1281,194,0.27454201799992006,2,42,92.06498207100003,581.50390625,2026-04-25T07:20:59+00:00,2026-04-25T07:22:31+00:00,3.12.12,Linux-6.6.113+-x86_64-with-glibc2.35,8093
0.5979703356752537,0.7773445359215174,0.47751591038212887,0.7728337236533958,0.9492583918813428,0.4175257731958763,0.6085526315789473,0.09898305084745762,1.2005811929702759,0.9063231850117096,0.4742268041237113,0.6167097329888027,0.14372881355932204,0.7594701647758484,0.7728337236533958,0.5412371134020618,0.6484848484848484,0.2684745762711864,0.26098451018333435,zheng68k,zheng68k_scfoundation_all_t4_ce.npy,open_set_holdout_Dendritic_seed3.npz,Dendritic,proto_class_z,prototype,4480,640,1475,1281,194,0.26987024699997164,3,42,92.06501207099996,581.50390625,2026-04-25T07:20:59+00:00,2026-04-25T07:22:31+00:00,3.12.12,Linux-6.6.113+-x86_64-with-glibc2.35,8093
0.6128024980483997,0.8076084244750799,0.528993507864585,0.8126463700234192,0.9547228727556596,0.4175257731958763,0.6230580539656582,0.09423728813559322,1.2871702909469604,0.8985167837626854,0.5463917525773195,0.634231103388358,0.16,0.7277948260307312,0.7923497267759563,0.6804123711340206,0.6561576354679803,0.2698305084745763,0.24876709282398224,zheng68k,zheng68k_scfoundation_all_t4_ce.npy,open_set_holdout_Dendritic_seed4.npz,Dendritic,proto_class_z,prototype,4480,640,1475,1281,194,0.27537501099982364,4,42,92.06504015500013,581.50390625,2026-04-25T07:20:59+00:00,2026-04-25T07:22:31+00:00,3.12.12,Linux-6.6.113+-x86_64-with-glibc2.35,8093
0.6284153005464481,0.3430229282857304,0.09327032347510797,0.9383294301327089,0.9617486338797814,0.015463917525773196,0.6363636363636364,0.03525423728813559,-0.009045409969985485,0.9133489461358314,0.015463917525773196,0.6487179487179487,0.07728813559322034,-0.019449852406978607,0.8337236533957846,0.02577319587628866,0.6722846441947565,0.14779661016949153,-0.04183768108487129,zheng68k,zheng68k_scfoundation_all_t4_ce.npy,open_set_holdout_Dendritic_seed0.npz,Dendritic,proto_margin,prototype,4480,640,1475,1281,194,0.2653534619998936,0,42,92.06491709300008,581.50390625,2026-04-25T07:20:59+00:00,2026-04-25T07:22:31+00:00,3.12.12,Linux-6.6.113+-x86_64-with-glibc2.35,8093
0.6190476190476191,0.3610621534400476,0.09542585465755767,0.9508196721311475,0.9328649492583919,0.010309278350515464,0.6359832635983264,0.059661016949152545,-0.01484945323318243,0.8696330991412958,0.030927835051546393,0.6579892280071813,0.11728813559322034,-0.030012737959623337,0.7759562841530054,0.05154639175257732,0.704225352112676,0.20135593220338982,-0.05227215215563774,zheng68k,zheng68k_scfoundation_all_t4_ce.npy,open_set_holdout_Dendritic_seed1.npz,Dendritic,proto_margin,prototype,4480,640,1475,1281,194,0.27584029099989493,1,42,92.06494838200001,581.50390625,2026-04-25T07:20:59+00:00,2026-04-25T07:22:31+00:00,3.12.12,Linux-6.6.113+-x86_64-with-glibc2.35,8093
0.6049960967993755,0.38898009770073316,0.10371900603220777,0.9414519906323185,0.9500390320062451,0.015463917525773196,0.6220213640098603,0.04542372881355932,-0.012610957026481628,0.9000780640124902,0.030927835051546393,0.6339982653946227,0.09084745762711864,-0.023565154522657394,0.7915690866510539,0.10309278350515463,0.6814595660749507,0.1945762711864407,-0.050907839089632034,zheng68k,zheng68k_scfoundation_all_t4_ce.npy,open_set_holdout_Dendritic_seed2.npz,Dendritic,proto_margin,prototype,4480,640,1475,1281,194,0.27454201799992006,2,42,92.06497873100011,581.50390625,2026-04-25T07:20:59+00:00,2026-04-25T07:22:31+00:00,3.12.12,Linux-6.6.113+-x86_64-with-glibc2.35,8093
0.5979703356752537,0.38524590163934425,0.09916587099911439,0.9313036690085871,0.9469164715066355,0.005154639175257732,0.6174773289365211,0.04677966101694915,-0.013167995028197765,0.8946135831381733,0.015463917525773196,0.6361256544502618,0.0935593220338983,-0.024641139432787895,0.8157689305230289,0.02577319587628866,0.6574162679425838,0.16338983050847458,-0.04531467705965042,zheng68k,zheng68k_scfoundation_all_t4_ce.npy,open_set_holdout_Dendritic_seed3.npz,Dendritic,proto_margin,prototype,4480,640,1475,1281,194,0.26987024699997164,3,42,92.06500881300008,581.50390625,2026-04-25T07:20:59+00:00,2026-04-25T07:22:31+00:00,3.12.12,Linux-6.6.113+-x86_64-with-glibc2.35,8093
0.6128024980483997,0.3953056970633445,0.1058192757402159,0.9469164715066355,0.9492583918813428,0.02577319587628866,0.6258223684210527,0.04745762711864407,-0.01111436728388071,0.8953942232630757,0.07216494845360824,0.6364428945074107,0.10033898305084746,-0.02295598015189171,0.8024980483996877,0.14432989690721648,0.6741245136186771,0.19050847457627118,-0.04862719401717186,zheng68k,zheng68k_scfoundation_all_t4_ce.npy,open_set_holdout_Dendritic_seed4.npz,Dendritic,proto_margin,prototype,4480,640,1475,1281,194,0.27537501099982364,4,42,92.06503693700006,581.50390625,2026-04-25T07:20:59+00:00,2026-04-25T07:22:31+00:00,3.12.12,Linux-6.6.113+-x86_64-with-glibc2.35,8093
